parent_sku,parent_title,variation_theme,child_sku,child_title,child_status,excel_row,attrs_json,duplicate_attrs
1pcs58,"Stained Glass Grinding Bits with 5/8 inch, Diamond Grinder Bit , Grinder Bits and Automatic Water Feeding",MATERIAL_TYPE,DM2MCBL58,"Stained glass Grinding Bits with 5/8 inch, Diamond Grinder Bit , Grinder Bits and Supplies For Stained glass grinder (2 pcs 5/8'')",Active,190,"{""Material"": ""2 pcs 5/8''""}",0
1pcs58,"Stained Glass Grinding Bits with 5/8 inch, Diamond Grinder Bit , Grinder Bits and Automatic Water Feeding",MATERIAL_TYPE,H5-I5OP-KGFH,"Stained glass Grinding Bits with 5/8 inch, Diamond Grinder Bit , Grinder Bits and Supplies For Stained glass grinder (1 pcs 5/8'')",Active,191,"{""Material"": ""1 pcs 5/8''""}",0
3B-RP60-PL12,"Double-Sided CBN Grinding Disk for WS3000, for Sharpening Woodworking Tools, High Speed Steel Tools",STYLE (Deprecated: Do Not Use),J3-4MZ2-U512,"dmsphd Double-Sided CBN Grinding Disk 350/600 Grit for Sharpening Woodworking Tools, High Speed Steel Tools (350/600 Grit)",Active,126,"{""Style"": ""350/600 Grit""}",0
3B-RP60-PL12,"Double-Sided CBN Grinding Disk for WS3000, for Sharpening Woodworking Tools, High Speed Steel Tools",STYLE (Deprecated: Do Not Use),JK-0BQO-4TA4,"dmsphd Double-Sided CBN Grinding Disk 80/180 Grit for Sharpening Woodworking Tools, High Speed Steel Tools (80/180 Grit)",Active,128,"{""Style"": ""80/180 Grit""}",0
3B-RP60-PL12,"Double-Sided CBN Grinding Disk for WS3000, for Sharpening Woodworking Tools, High Speed Steel Tools",STYLE (Deprecated: Do Not Use),XD-HQ6O-TM2N,"Double-Sided CBN Grinding Disk for WS3000, for Sharpening Woodworking Tools, High Speed Steel Tools (800/1200 Grit)",Active,164,"{""Style"": ""800/1200 Grit""}",0
4Y-7KDC-XBYI,"CBN Inserts Turning Milling Tools for Surfacing Cylinder Heads, Blocks",COLOR/SIZE,1O-WDLP-TDAE,"PCD Inserts Turning Milling Tools for Surfacing Cylinder Heads, Blocks (PCD, RNGN1203)",Active,203,"{""Color"": ""PCD"", ""Size"": ""RNGN1203""}",0
4Y-7KDC-XBYI,"CBN Inserts Turning Milling Tools for Surfacing Cylinder Heads, Blocks",COLOR/SIZE,3J-7F5B-6U6K,"CBN Inserts Turning Milling Tools for Surfacing Cylinder Heads, Blocks (CBN, RNGN0603)",Active,204,"{""Color"": ""CBN"", ""Size"": ""RNGN0603""}",0
4Y-7KDC-XBYI,"CBN Inserts Turning Milling Tools for Surfacing Cylinder Heads, Blocks",COLOR/SIZE,6M-5N8I-LUFE,"PCD Inserts Turning Milling Tools for Surfacing Cylinder Heads, Blocks (PCD, RNGN0903)",Active,206,"{""Color"": ""PCD"", ""Size"": ""RNGN0903""}",0
4Y-7KDC-XBYI,"CBN Inserts Turning Milling Tools for Surfacing Cylinder Heads, Blocks",COLOR/SIZE,8C-OPJ3-OM6Z,"PCD Inserts Turning Milling Tools for Surfacing Cylinder Heads, Blocks (PCD, RNGN1204)",Active,207,"{""Color"": ""PCD"", ""Size"": ""RNGN1204""}",0
4Y-7KDC-XBYI,"CBN Inserts Turning Milling Tools for Surfacing Cylinder Heads, Blocks",COLOR/SIZE,FZ-P3LJ-S3R8,"PCBN Inserts Turning Milling Tools for Surfacing Cylinder Heads, Blocks (PCBN, RNGN0903)",Active,209,"{""Color"": ""PCBN"", ""Size"": ""RNGN0903""}",0
4Y-7KDC-XBYI,"CBN Inserts Turning Milling Tools for Surfacing Cylinder Heads, Blocks",COLOR/SIZE,KS-ZJZ8-0JMJ,"PCD Inserts Turning Milling Tools for Surfacing Cylinder Heads, Blocks (PCD, RNGN0603)",Active,210,"{""Color"": ""PCD"", ""Size"": ""RNGN0603""}",0
4Y-7KDC-XBYI,"CBN Inserts Turning Milling Tools for Surfacing Cylinder Heads, Blocks",COLOR/SIZE,MV-V0U8-YF4H,"CBN Inserts Turning Milling Tools for Surfacing Cylinder Heads, Blocks (CBN, RNGN1203)",Active,211,"{""Color"": ""CBN"", ""Size"": ""RNGN1203""}",0
4Y-7KDC-XBYI,"CBN Inserts Turning Milling Tools for Surfacing Cylinder Heads, Blocks",COLOR/SIZE,P4-THQL-9OFK,"PCBN Inserts Turning Milling Tools for Surfacing Cylinder Heads, Blocks (PCBN, RNGN0603)",Active,212,"{""Color"": ""PCBN"", ""Size"": ""RNGN0603""}",0
4Y-7KDC-XBYI,"CBN Inserts Turning Milling Tools for Surfacing Cylinder Heads, Blocks",COLOR/SIZE,S3-36N2-HY8L,"PCBN Inserts Turning Milling Tools for Surfacing Cylinder Heads, Blocks (PCBN, RNGN1204)",Active,213,"{""Color"": ""PCBN"", ""Size"": ""RNGN1204""}",0
4Y-7KDC-XBYI,"CBN Inserts Turning Milling Tools for Surfacing Cylinder Heads, Blocks",COLOR/SIZE,S3-PQX3-AYTD,"CBN Inserts Turning Milling Tools for Surfacing Cylinder Heads, Blocks (CBN, RNGN0903)",Active,214,"{""Color"": ""CBN"", ""Size"": ""RNGN0903""}",0
4Y-7KDC-XBYI,"CBN Inserts Turning Milling Tools for Surfacing Cylinder Heads, Blocks",COLOR/SIZE,X6-ICUZ-6FXV,"PCBN Inserts Turning Milling Tools for Surfacing Cylinder Heads, Blocks (PCBN, RNGN1203)",Active,215,"{""Color"": ""PCBN"", ""Size"": ""RNGN1203""}",0
AW-PPYS-9FTL,CBN Grinding Wheel 6-inch Diamond Grinding Gemstone Metal high-Speed Steel,STYLE (Deprecated: Do Not Use),2K-7GM5-BRT3,CBN Grinding Wheel 6-inch Diamond Grinding Gemstone Metal high-Speed Steel（80Grit）,Active,7,"{""Style"": ""80 Grit""}",0
AW-PPYS-9FTL,CBN Grinding Wheel 6-inch Diamond Grinding Gemstone Metal high-Speed Steel,STYLE (Deprecated: Do Not Use),Y4-SCDN-94DP,CBN Grinding Wheel 6-inch Diamond Grinding Gemstone Metal high-Speed Steel (150 Grit),Active,165,"{""Style"": ""180 Grit""}",0
C6-X5A8-ZFHD,"NO Center Hole 8"" inch Diamond Grinding Disc 60 Grit Flat Lap Disk Lapidary Tools for Stone",STYLE (Deprecated: Do Not Use),4H-QG3V-V6UF,"NO Center Hole 8"" inch Diamond Grinding Disc 2500 Grit Flat Lap Disk Lapidary Tools for Stone (2500 Grit)",Active,10,"{""Style"": ""2500 Grit""}",0
C6-X5A8-ZFHD,"NO Center Hole 8"" inch Diamond Grinding Disc 60 Grit Flat Lap Disk Lapidary Tools for Stone",STYLE (Deprecated: Do Not Use),6C-ZALF-OY1H,"NO Center Hole 8"" inch Diamond Grinding Disc 150 Grit Flat Lap Disk Lapidary Tools for Stone (150 Grit)",Active,14,"{""Style"": ""150 Grit""}",0
C6-X5A8-ZFHD,"NO Center Hole 8"" inch Diamond Grinding Disc 60 Grit Flat Lap Disk Lapidary Tools for Stone",STYLE (Deprecated: Do Not Use),6W-WZAG-WGYH,"NO Center Hole 8"" inch Diamond Grinding Disc 500 Grit Flat Lap Disk Lapidary Tools for Stone (500 Grit)",Active,15,"{""Style"": ""500 Grit""}",0
C6-X5A8-ZFHD,"NO Center Hole 8"" inch Diamond Grinding Disc 60 Grit Flat Lap Disk Lapidary Tools for Stone",STYLE (Deprecated: Do Not Use),8P-TWJI-GJ5T,"NO Center Hole 8"" inch Diamond Grinding Disc 1500 Grit Flat Lap Disk Lapidary Tools for Stone (1500 Grit)",Active,16,"{""Style"": ""1500 Grit""}",0
C6-X5A8-ZFHD,"NO Center Hole 8"" inch Diamond Grinding Disc 60 Grit Flat Lap Disk Lapidary Tools for Stone",STYLE (Deprecated: Do Not Use),DC-U1AK-B5TR,"NO Center Hole 8"" inch Diamond Grinding Disc 2000 Grit Flat Lap Disk Lapidary Tools for Stone (2000 Grit)",Active,27,"{""Style"": ""2000 Grit""}",0
C6-X5A8-ZFHD,"NO Center Hole 8"" inch Diamond Grinding Disc 60 Grit Flat Lap Disk Lapidary Tools for Stone",STYLE (Deprecated: Do Not Use),DM-NH-8-100,"NO Center Hole 8"" inch Diamond Grinding Disc 60 Grit Flat Lap Disk Lapidary Tools for Stone (100 Grit)",Active,96,"{""Style"": ""100 Grit""}",0
C6-X5A8-ZFHD,"NO Center Hole 8"" inch Diamond Grinding Disc 60 Grit Flat Lap Disk Lapidary Tools for Stone",STYLE (Deprecated: Do Not Use),DM-NH-8-180,"NO Center Hole 8"" inch Diamond Grinding Disc 60 Grit Flat Lap Disk Lapidary Tools for Stone (180 Grit)",Active,97,"{""Style"": ""180 Grit""}",0
C6-X5A8-ZFHD,"NO Center Hole 8"" inch Diamond Grinding Disc 60 Grit Flat Lap Disk Lapidary Tools for Stone",STYLE (Deprecated: Do Not Use),EJ-DIDV-LGHE,"NO Center Hole 8"" inch Diamond Grinding Disc 1800 Grit Flat Lap Disk Lapidary Tools for Stone (1800 Grit)",Active,124,"{""Style"": ""1800 Grit""}",0
C6-X5A8-ZFHD,"NO Center Hole 8"" inch Diamond Grinding Disc 60 Grit Flat Lap Disk Lapidary Tools for Stone",STYLE (Deprecated: Do Not Use),HL-G7BH-IJB0,"NO Center Hole 8"" inch Diamond Grinding Disc 800 Grit Flat Lap Disk Lapidary Tools for Stone (800 Grit)",Active,125,"{""Style"": ""800 Grit""}",0
C6-X5A8-ZFHD,"NO Center Hole 8"" inch Diamond Grinding Disc 60 Grit Flat Lap Disk Lapidary Tools for Stone",STYLE (Deprecated: Do Not Use),N7-2VLQ-SB8X,"NO Center Hole 8"" inch Diamond Grinding Disc 1200 Grit Flat Lap Disk Lapidary Tools for Stone (1200 Grit)",Active,131,"{""Style"": ""1200 Grit""}",0
C6-X5A8-ZFHD,"NO Center Hole 8"" inch Diamond Grinding Disc 60 Grit Flat Lap Disk Lapidary Tools for Stone",STYLE (Deprecated: Do Not Use),NL-Q942-HDWM,"NO Center Hole 8"" inch Diamond Grinding Disc 600 Grit Flat Lap Disk Lapidary Tools for Stone (600 Grit)",Active,132,"{""Style"": ""600 Grit""}",0
C6-X5A8-ZFHD,"NO Center Hole 8"" inch Diamond Grinding Disc 60 Grit Flat Lap Disk Lapidary Tools for Stone",STYLE (Deprecated: Do Not Use),Q5-981O-PLBO,"NO Center Hole 8"" inch Diamond Grinding Disc 320 Grit Flat Lap Disk Lapidary Tools for Stone (320 Grit)",Active,141,"{""Style"": ""320 Grit""}",0
C6-X5A8-ZFHD,"NO Center Hole 8"" inch Diamond Grinding Disc 60 Grit Flat Lap Disk Lapidary Tools for Stone",STYLE (Deprecated: Do Not Use),QW-K0E6-7VF4,"NO Center Hole 8"" inch Diamond Grinding Disc 240 Grit Flat Lap Disk Lapidary Tools for Stone (240 Grit)",Active,142,"{""Style"": ""240 Grit""}",0
C6-X5A8-ZFHD,"NO Center Hole 8"" inch Diamond Grinding Disc 60 Grit Flat Lap Disk Lapidary Tools for Stone",STYLE (Deprecated: Do Not Use),R7-KNCN-NKVI,"NO Center Hole 8"" inch Diamond Grinding Disc 3000 Grit Flat Lap Disk Lapidary Tools for Stone (3000 Grit)",Active,143,"{""Style"": ""3000 Grit""}",0
C6-X5A8-ZFHD,"NO Center Hole 8"" inch Diamond Grinding Disc 60 Grit Flat Lap Disk Lapidary Tools for Stone",STYLE (Deprecated: Do Not Use),XC-QIHS-32AO,"NO Center Hole 8"" inch Diamond Grinding Disc 400 Grit Flat Lap Disk Lapidary Tools for Stone (400 Grit)",Active,163,"{""Style"": ""400 Grit""}",0
C6-X5A8-ZFHD,"NO Center Hole 8"" inch Diamond Grinding Disc 60 Grit Flat Lap Disk Lapidary Tools for Stone",STYLE (Deprecated: Do Not Use),YR-J7WK-MY3O,"NO Center Hole 8"" inch Diamond Grinding Disc 60 Grit Flat Lap Disk Lapidary Tools for Stone (60 Grit)",Active,166,"{""Style"": ""60 Grit""}",0
C6-X5A8-ZFHD,"NO Center Hole 8"" inch Diamond Grinding Disc 60 Grit Flat Lap Disk Lapidary Tools for Stone",STYLE (Deprecated: Do Not Use),ZE-6PEZ-MJF7,"NO Center Hole 8"" inch Diamond Grinding Disc 1000 Grit Flat Lap Disk Lapidary Tools for Stone (1000 Grit)",Active,167,"{""Style"": ""1000 Grit""}",0
C6-X5A8-ZFHD,"NO Center Hole 8"" inch Diamond Grinding Disc 60 Grit Flat Lap Disk Lapidary Tools for Stone",STYLE (Deprecated: Do Not Use),ZL-PR5Z-BWPM,"NO Center Hole 8"" inch Diamond Grinding Disc 120 Grit Flat Lap Disk Lapidary Tools for Stone (120 Grit)",Active,168,"{""Style"": ""120 Grit""}",0
C6-X5A8-ZFHD,"NO Center Hole 8"" inch Diamond Grinding Disc 60 Grit Flat Lap Disk Lapidary Tools for Stone",STYLE (Deprecated: Do Not Use),ZU-LPE5-1N0J,"NO Center Hole 8"" inch Diamond Grinding Disc 60 Grit Flat Lap Disk Lapidary Tools for Stone (80 Grit)",Active,170,"{""Style"": ""80 Grit""}",0
CBN-PCBN-2PCS-INSERT-P,"2PCS PCBN CBN Inserts for Turning Milling, Surfacing Cylinder Heads and Blocks, RNGN120300A, 1/2''-1/8'', Cast Iron",SIZE/STYLE (Deprecated: Do Not Use),CBN-2PCS-INSERT-1203,"2PCS PCBN CBN Inserts for Turning Milling, Surfacing Cylinder Heads and Blocks, RNGN120300A, 1/2''-1/8'', Cast Iron (CBN, 1/2''-1/8'')",Active,182,"{""Size"": ""1/2''-1/8''"", ""Style"": ""CBN""}",0
CBN-PCBN-2PCS-INSERT-P,"2PCS PCBN CBN Inserts for Turning Milling, Surfacing Cylinder Heads and Blocks, RNGN120300A, 1/2''-1/8'', Cast Iron",SIZE/STYLE (Deprecated: Do Not Use),CBN-2PCS-INSERT-1204,"2PCS PCBN CBN Inserts for Turning Milling, Surfacing Cylinder Heads and Blocks, RNGN1204000A, 1/2''-1/8'', Cast Iron (CBN, 1/2''-3/16'')",Active,183,"{""Size"": ""1/2''-3/16''"", ""Style"": ""CBN""}",0
CBN-PCBN-2PCS-INSERT-P,"2PCS PCBN CBN Inserts for Turning Milling, Surfacing Cylinder Heads and Blocks, RNGN120300A, 1/2''-1/8'', Cast Iron",SIZE/STYLE (Deprecated: Do Not Use),PCBN-2PCS-INSERT-1203,"2PCS PCBN CBN Inserts for Turning Milling, Surfacing Cylinder Heads and Blocks, RNGN120300A, 1/2''-1/8'', Cast Iron (PCBN, 1/2''-1/8'')",Active,185,"{""Size"": ""1/2''-1/8''"", ""Style"": ""PCBN""}",0
CBN-PCBN-2PCS-INSERT-P,"2PCS PCBN CBN Inserts for Turning Milling, Surfacing Cylinder Heads and Blocks, RNGN120300A, 1/2''-1/8'', Cast Iron",SIZE/STYLE (Deprecated: Do Not Use),PCBN-2PCS-INSERT-1204,"2PCS PCBN Inserts for Turning Milling, Surfacing Cylinder Heads and Blocks, RNGN1204000A, Cast Iron (PCBN, 1/2''-3/16'')",Active,186,"{""Size"": ""1/2''-3/16''"", ""Style"": ""PCBN""}",0
DM-2PCS-PARENT,2pcs 8inch Diamond Flat Lap disc,STYLE (Deprecated: Do Not Use),DM-2PCS-P-120Grit,2pcs 8inch 120 Grit Diamond Flat Lap disc (120 Grit),Active,31,"{""Style"": ""120 Grit""}",0
DM-2PCS-PARENT,2pcs 8inch Diamond Flat Lap disc,STYLE (Deprecated: Do Not Use),DM-2PCS-P-2000Grit,2pcs 8inch 2000Grit Diamond Flat Lap disc (2000 Grit),Active,32,"{""Style"": ""2000 Grit""}",0
DM-2PCS-PARENT,2pcs 8inch Diamond Flat Lap disc,STYLE (Deprecated: Do Not Use),DM-2PCS-P-240Grit,2pcs 8inch 240 Grit Diamond Flat Lap disc (240 Grit),Active,33,"{""Style"": ""240 Grit""}",0
DM-2PCS-PARENT,2pcs 8inch Diamond Flat Lap disc,STYLE (Deprecated: Do Not Use),DM-2PCS-P-3000Grit,2pcs 8inch 3000Grit Diamond Flat Lap disc (3000 Grit),Active,34,"{""Style"": ""3000 Grit""}",0
DM-2PCS-PARENT,2pcs 8inch Diamond Flat Lap disc,STYLE (Deprecated: Do Not Use),DM-2PCS-P-320Grit,2pcs 8inch 320 Grit Diamond Flat Lap disc (320 Grit),Active,35,"{""Style"": ""320 Grit""}",0
DM-2PCS-PARENT,2pcs 8inch Diamond Flat Lap disc,STYLE (Deprecated: Do Not Use),DM-2PCS-P-600Grit,2pcs 8inch 600 Grit Diamond Flat Lap disc (600 Grit),Active,36,"{""Style"": ""600 Grit""}",0
DM-2PCS-PARENT,2pcs 8inch Diamond Flat Lap disc,STYLE (Deprecated: Do Not Use),DM-2PCS-P-60Grit,2pcs 8inch 60 Grit Diamond Flat Lap disc (60 Grit),Active,37,"{""Style"": ""60 Grit""}",0
DM-2PCS-PARENT,2pcs 8inch Diamond Flat Lap disc,STYLE (Deprecated: Do Not Use),DM-2PCS-P-80Grit,"2pcs Diamond Flat Lap Disc, 8 Inch,80 Grit, 1/2 Inch Arbor, for Gemstone Glass Ceramics Grinding Polishing (80 Grit)",Active,38,"{""Style"": ""80 Grit""}",0
DM-8-1H-1000,"Diamond Flat Lap Disc, 8 Inch, 1000 Grit, 1 Inch Arbor, for Gemstone Glass Ceramics Grinding Polishing",STYLE (Deprecated: Do Not Use),DM-DISC-1HOLE-8-3000,"Diamond Flat Lap Disc, 8 Inch, 1000 Grit, 1 Inch Arbor, for Gemstone Glass Ceramics Grinding Polishing (3000 Grit)",Active,52,"{""Style"": ""3000 Grit""}",0
DM-8-1H-1000,"Diamond Flat Lap Disc, 8 Inch, 1000 Grit, 1 Inch Arbor, for Gemstone Glass Ceramics Grinding Polishing",STYLE (Deprecated: Do Not Use),MF-MU0E-UFBV,"Diamond Flat Lap Disc, 8 Inch, 1000 Grit, 1 Inch Arbor, for Gemstone Glass Ceramics Grinding Polishing (1000 Grit)",Active,130,"{""Style"": ""1000 Grit""}",0
DM-CBN-8Inc-parent,"dmsphd CBN Grinding Wheel 8-inch,5/8'' Bore,1'' Wide, Good Chemical Inertness and Strong Thermal Conductivity During Grinding, Suitable for high-Speed Steel",STYLE (Deprecated: Do Not Use),DM-CBN-8-1000,"CBN Grinding Wheel 8 inch 1000 Grit, 1"" Wide, 5/8"" Arbor, Suitable for All Kinds of 8-inch Bench Grinders (1000 Grit)",Active,43,"{""Style"": ""1000 Grit""}",0
DM-CBN-8Inc-parent,"dmsphd CBN Grinding Wheel 8-inch,5/8'' Bore,1'' Wide, Good Chemical Inertness and Strong Thermal Conductivity During Grinding, Suitable for high-Speed Steel",STYLE (Deprecated: Do Not Use),DM-CBN-8-600,"dmsphd CBN Grinding Wheel 8 inch 600 Grit, 1"" Wide, 5/8"" Arbor, Suitable for All Kinds of 8-inch Bench Grinders (600 Grit)",Active,44,"{""Style"": ""600 Grit""}",0
DM-CBN-8Inc-parent,"dmsphd CBN Grinding Wheel 8-inch,5/8'' Bore,1'' Wide, Good Chemical Inertness and Strong Thermal Conductivity During Grinding, Suitable for high-Speed Steel",STYLE (Deprecated: Do Not Use),DM-CBN-8-80,"dmsphd CBN Grinding Wheel 8 inch 80 Grit, 1"" Wide, 5/8"" Arbor, Suitable for All Kinds of 8-inch Bench Grinders (80 Grit)",Active,45,"{""Style"": ""80 Grit""}",0
DM-CBN-8Inc-parent,"dmsphd CBN Grinding Wheel 8-inch,5/8'' Bore,1'' Wide, Good Chemical Inertness and Strong Thermal Conductivity During Grinding, Suitable for high-Speed Steel",STYLE (Deprecated: Do Not Use),DM-CBN-8Inc-G180,"dmsphd CBN Grinding Wheel 8 inch 180 Grit, 1"" Wide, 5/8"" Arbor, Suitable for All Kinds of 8-inch Bench Grinders (180 Grit)",Active,46,"{""Style"": ""180 Grit""}",0
DM-CBN-8Inc-parent,"dmsphd CBN Grinding Wheel 8-inch,5/8'' Bore,1'' Wide, Good Chemical Inertness and Strong Thermal Conductivity During Grinding, Suitable for high-Speed Steel",STYLE (Deprecated: Do Not Use),DM-CBN-8Inc-G320,"dmsphd CBN Grinding Wheel 8 inch 320 Grit, 1"" Wide, 5/8"" Arbor, Suitable for All Kinds of 8-inch Bench Grinders (320 Grit)",Active,47,"{""Style"": ""320 Grit""}",0
DM-CHAIN-P,"dmsphd CBN Chainsaw Sharpening 5-3/4"" Disk, 7/8"" Arbor, Thick For Sharpening Any Steel Chainsaw Chain",STYLE (Deprecated: Do Not Use),CBNCHAINSAW163,"CBN Chainsaw Grinding Wheel 5-3/4"" Dia, 7/8"" Arbor, 3/16'' Thick For Sharpening Any Steel Chainsaw Chain (5-3/4 x 3/16'')",Active,26,"{""Style"": ""5-3/4 x 3/16''""}",0
DM-CHAIN-P,"dmsphd CBN Chainsaw Sharpening 5-3/4"" Disk, 7/8"" Arbor, Thick For Sharpening Any Steel Chainsaw Chain",STYLE (Deprecated: Do Not Use),DM-CHAIN-1/8,"CBN Chainsaw Grinding Wheel 5-3/4"" Disk, 7/8"" Arbor, 1/8"" Thick For Sharpening Any Steel Chainsaw Chain （1/8"" Thick）",Active,49,"{""Style"": ""5-3/4'' x 1/8''""}",0
DM-FLAT-GRINDING-DISC,"Diamond Flat Lap Disc, 8 Inch, 1000 Grit, 1/2 Inch Arbor, for Gemstone Glass Ceramics Grinding Polishing",STYLE (Deprecated: Do Not Use),DM-FLAT-1000,"Diamond Flat Lap Disc, 8 Inch, 1000 Grit, 1/2 Inch Arbor, for Gemstone Glass Ceramics Grinding Polishing (1000 Grit)",Active,66,"{""Style"": ""1000 Grit""}",0
DM-FLAT-GRINDING-DISC,"Diamond Flat Lap Disc, 8 Inch, 1000 Grit, 1/2 Inch Arbor, for Gemstone Glass Ceramics Grinding Polishing",STYLE (Deprecated: Do Not Use),DM-FLAT-120,"Diamond Flat Lap Disc, 8 Inch, 120 Grit, 1/2 Inch Arbor, for Gemstone Glass Ceramics Grinding Polishing (120 Grit)",Active,67,"{""Style"": ""120 Grit""}",0
DM-FLAT-GRINDING-DISC,"Diamond Flat Lap Disc, 8 Inch, 1000 Grit, 1/2 Inch Arbor, for Gemstone Glass Ceramics Grinding Polishing",STYLE (Deprecated: Do Not Use),DM-FLAT-1500,"Diamond Flat Lap Disc, 8 Inch, 1500 Grit, 1/2 Inch Arbor, for Gemstone Glass Ceramics Grinding Polishing (1500 Grit)",Active,68,"{""Style"": ""1500 Grit""}",0
DM-FLAT-GRINDING-DISC,"Diamond Flat Lap Disc, 8 Inch, 1000 Grit, 1/2 Inch Arbor, for Gemstone Glass Ceramics Grinding Polishing",STYLE (Deprecated: Do Not Use),DM-FLAT-180,"Diamond Flat Lap Disc, 8 Inch, 180 Grit, 1/2 Inch Arbor, for Gemstone Glass Ceramics Grinding Polishing (180 Grit)",Active,69,"{""Style"": ""180 Grit""}",0
DM-FLAT-GRINDING-DISC,"Diamond Flat Lap Disc, 8 Inch, 1000 Grit, 1/2 Inch Arbor, for Gemstone Glass Ceramics Grinding Polishing",STYLE (Deprecated: Do Not Use),DM-FLAT-2000,"Diamond Flat Lap Disc, 8 Inch, 2000 Grit, 1/2 Inch Arbor, for Gemstone Glass Ceramics Grinding Polishing (2000 Grit)",Active,70,"{""Style"": ""2000 Grit""}",0
DM-FLAT-GRINDING-DISC,"Diamond Flat Lap Disc, 8 Inch, 1000 Grit, 1/2 Inch Arbor, for Gemstone Glass Ceramics Grinding Polishing",STYLE (Deprecated: Do Not Use),DM-FLAT-240,"Diamond Flat Lap Disc, 8 Inch, 240 Grit, 1/2 Inch Arbor, for Gemstone Glass Ceramics Grinding Polishing (240 Grit)",Active,71,"{""Style"": ""240 Grit""}",0
DM-FLAT-GRINDING-DISC,"Diamond Flat Lap Disc, 8 Inch, 1000 Grit, 1/2 Inch Arbor, for Gemstone Glass Ceramics Grinding Polishing",STYLE (Deprecated: Do Not Use),DM-FLAT-3000,"Diamond Flat Lap Disc, 8 Inch, 3000 Grit, 1/2 Inch Arbor, for Gemstone Glass Ceramics Grinding Polishing (3000 Grit)",Active,72,"{""Style"": ""3000 Grit""}",0
DM-FLAT-GRINDING-DISC,"Diamond Flat Lap Disc, 8 Inch, 1000 Grit, 1/2 Inch Arbor, for Gemstone Glass Ceramics Grinding Polishing",STYLE (Deprecated: Do Not Use),DM-FLAT-320,"Diamond Flat Lap Disc, 8 Inch, 320 Grit, 1/2 Inch Arbor, for Gemstone Glass Ceramics Grinding Polishing (320 Grit)",Active,73,"{""Style"": ""320 Grit""}",0
DM-FLAT-GRINDING-DISC,"Diamond Flat Lap Disc, 8 Inch, 1000 Grit, 1/2 Inch Arbor, for Gemstone Glass Ceramics Grinding Polishing",STYLE (Deprecated: Do Not Use),DM-FLAT-400,"Diamond Flat Lap Disc, 8 Inch, 400 Grit, 1/2 Inch Arbor, for Gemstone Glass Ceramics Grinding Polishing (400 Grit)",Active,74,"{""Style"": ""400 Grit""}",0
DM-FLAT-GRINDING-DISC,"Diamond Flat Lap Disc, 8 Inch, 1000 Grit, 1/2 Inch Arbor, for Gemstone Glass Ceramics Grinding Polishing",STYLE (Deprecated: Do Not Use),DM-FLAT-500,"Diamond Flat Lap Disc, 8 Inch, 500 Grit, 1/2 Inch Arbor, for Gemstone Glass Ceramics Grinding Polishing (500 Grit)",Active,75,"{""Style"": ""500 Grit""}",0
DM-FLAT-GRINDING-DISC,"Diamond Flat Lap Disc, 8 Inch, 1000 Grit, 1/2 Inch Arbor, for Gemstone Glass Ceramics Grinding Polishing",STYLE (Deprecated: Do Not Use),DM-FLAT-60,"Diamond Flat Lap Disc, 8 Inch, 60 Grit, 1/2 Inch Arbor, for Gemstone Glass Ceramics Grinding Polishing (60 Grit)",Active,76,"{""Style"": ""60 Grit""}",0
DM-FLAT-GRINDING-DISC,"Diamond Flat Lap Disc, 8 Inch, 1000 Grit, 1/2 Inch Arbor, for Gemstone Glass Ceramics Grinding Polishing",STYLE (Deprecated: Do Not Use),DM-FLAT-600,"Diamond Flat Lap Disc, 8 Inch, 600 Grit, 1/2 Inch Arbor, for Gemstone Glass Ceramics Grinding Polishing (600 Grit)",Active,77,"{""Style"": ""600 Grit""}",0
DM-FLAT-GRINDING-DISC,"Diamond Flat Lap Disc, 8 Inch, 1000 Grit, 1/2 Inch Arbor, for Gemstone Glass Ceramics Grinding Polishing",STYLE (Deprecated: Do Not Use),DM-FLAT-80,"Diamond Flat Lap Disc, 8 Inch, 80Grit, 1/2 Inch Arbor, for Gemstone Glass Ceramics Grinding Polishing (80 Grit)",Active,78,"{""Style"": ""80 Grit""}",0
DM-FLAT-GRINDING-DISC,"Diamond Flat Lap Disc, 8 Inch, 1000 Grit, 1/2 Inch Arbor, for Gemstone Glass Ceramics Grinding Polishing",STYLE (Deprecated: Do Not Use),DM-FLAT-800,"Diamond Flat Lap Disc, 8 Inch, 800 Grit, 1/2 Inch Arbor, for Gemstone Glass Ceramics Grinding Polishing (800 Grit)",Active,79,"{""Style"": ""800 Grit""}",0
DM-GLASS-CUTTER-SET,"Glass Cutter 2mm-20mm, Upgrade Glass Cutting Tool with Glass Cutting Oil, Pencil Style Oil Feed Carbide Tip Glass Cutter for Tiles/Mosaic/Mirror.",,29-3X9L-ANVS,"Glass Cutter 2mm-20mm, Upgrade Glass Cutting Tool with Glass Cutting Oil, Pencil Style Oil Feed Carbide Tip Glass Cutter for Tiles/Mosaic/Mirror. (Glass Oil Cutter)",Active,175,{},1
DM-M6-CBN-P,"dmsphd CBN Grinding Wheel with 6 inch,1/2'' Bore,1'' Wide, Suitable for high-Speed Steel,for All Kinds of 6 inch Bench Grinders",STYLE (Deprecated: Do Not Use),DM-M6-CBN-1000,"CBN Grinding Wheel with 6 inch 1000 Grit,1/2'' Bore,1'' Wide, Suitable for high-Speed Steel,for All Kinds of 6 inch Bench Grinders 1000 Grit",Active,82,"{""Style"": ""1000 Grit""}",0
DM-M6-CBN-P,"dmsphd CBN Grinding Wheel with 6 inch,1/2'' Bore,1'' Wide, Suitable for high-Speed Steel,for All Kinds of 6 inch Bench Grinders",STYLE (Deprecated: Do Not Use),DM-M6-CBN-600,"CBN Grinding Wheel with 6 inch 600 Grit,1/2'' Bore,1'' Wide, Suitable for high-Speed Steel,for All Kinds of 6 inch Bench Grinders 600 Grit",Active,83,"{""Style"": ""600 Grit""}",0
DM-M6-CBN-P,"dmsphd CBN Grinding Wheel with 6 inch,1/2'' Bore,1'' Wide, Suitable for high-Speed Steel,for All Kinds of 6 inch Bench Grinders",STYLE (Deprecated: Do Not Use),DM-M6-CBN-80,"CBN Grinding Wheel with 6 inch 80 Grit,1/2'' Bore,1'' Wide, Suitable for high-Speed Steel,for All Kinds of 6 inch Bench Grinders 80 Grit",Active,84,"{""Style"": ""80 Grit""}",0
DM-M6-CBN-P,"dmsphd CBN Grinding Wheel with 6 inch,1/2'' Bore,1'' Wide, Suitable for high-Speed Steel,for All Kinds of 6 inch Bench Grinders",STYLE (Deprecated: Do Not Use),DM-M6-CBN-G180,"CBN Grinding Wheel with 6 inch 180 Grit,1/2'' Bore,1'' Wide, Suitable for high-Speed Steel,for All Kinds of 6 inch Bench Grinders",Active,85,"{""Style"": ""180 Grit""}",0
DM-M6-CBN-P,"dmsphd CBN Grinding Wheel with 6 inch,1/2'' Bore,1'' Wide, Suitable for high-Speed Steel,for All Kinds of 6 inch Bench Grinders",STYLE (Deprecated: Do Not Use),DM-M6-CBN-G320,"CBN Grinding Wheel with 6 inch 320 Grti,1/2'' Bore,1'' Wide, Suitable for high-Speed Steel,for All Kinds of 6 inch Bench Grinders 320 Grit",Active,86,"{""Style"": ""320 Grit""}",0
DM-MEGA-8-SQU-P,"CBN Wheel 8 inch,CBN Grinding Wheels 8"" Diameter,5/8"" Bore, 1.5"" Wide,Suitable for Sharpening Woodturning and HSS Tools",STYLE (Deprecated: Do Not Use),DM-MEGA-8-SQU-1000,"CBN Grinding Wheels 8 inch 1000 Grit,5/8"" Bore, 1.5"" Wide,Suitable for Sharpening Woodturning and HSS Tools(1000 Grit)",Active,88,"{""Style"": ""1000Grit""}",0
DM-MEGA-8-SQU-P,"CBN Wheel 8 inch,CBN Grinding Wheels 8"" Diameter,5/8"" Bore, 1.5"" Wide,Suitable for Sharpening Woodturning and HSS Tools",STYLE (Deprecated: Do Not Use),DM-MEGA-8-SQU-180,"CBN Grinding Wheels 8 inch 180 Grit,5/8"" Bore, 1.5"" Wide,Suitable for Sharpening Woodturning and HSS Tools (180 Grit)",Active,89,"{""Style"": ""180 Grit""}",0
DM-MEGA-8-SQU-P,"CBN Wheel 8 inch,CBN Grinding Wheels 8"" Diameter,5/8"" Bore, 1.5"" Wide,Suitable for Sharpening Woodturning and HSS Tools",STYLE (Deprecated: Do Not Use),DM-MEGA-8-SQU-350,"CBN Grinding Wheels 8 inch 350 Grit,5/8"" Bore, 1.5"" Wide,Suitable for Sharpening Woodturning and HSS Tools (350 Grit)",Active,90,"{""Style"": ""350 Grit""}",0
DM-MEGA-8-SQU-P,"CBN Wheel 8 inch,CBN Grinding Wheels 8"" Diameter,5/8"" Bore, 1.5"" Wide,Suitable for Sharpening Woodturning and HSS Tools",STYLE (Deprecated: Do Not Use),DM-MEGA-8-SQU-600,"CBN Grinding Wheels 8 inch 600 Grit,5/8"" Bore, 1.5"" Wide,Suitable for Sharpening Woodturning and HSS Tools (600 Grit)",Active,91,"{""Style"": ""600 Grit""}",0
DM-MEGA-8-SQU-P,"CBN Wheel 8 inch,CBN Grinding Wheels 8"" Diameter,5/8"" Bore, 1.5"" Wide,Suitable for Sharpening Woodturning and HSS Tools",STYLE (Deprecated: Do Not Use),DM-MEGA-8-SQU-80,"CBN Grinding Wheels 8inch 80 Grit,5/8"" Bore, 1.5"" Wide,Suitable for Sharpening Woodturning and HSS Tools (80 Grit)",Active,92,"{""Style"": ""80 Grit""}",0
DM-P6-CBN-P,"dmsphd CBN Grinding Wheel with 6 inch,Adjustable Bore,1'' Wide,Plastic Body, Suitable for high-Speed Steel,for All Kinds of 6 inch Bench Grinders",STYLE (Deprecated: Do Not Use),DM-P6-CBN-1000,"dmsphd CBN Grinding Wheel with 6 inch, Plastic Body,Adjustable Bore,1'' Wide, Suitable for high-Speed Steel,for All Kinds of 6 inch Bench Grinders(1000 Grit)",Active,98,"{""Style"": ""1000 Grit""}",0
DM-P6-CBN-P,"dmsphd CBN Grinding Wheel with 6 inch,Adjustable Bore,1'' Wide,Plastic Body, Suitable for high-Speed Steel,for All Kinds of 6 inch Bench Grinders",STYLE (Deprecated: Do Not Use),DM-P6-CBN-150,"CBN Grinding Wheel 6 inch 150 Grit,Adjustable Bore,1'' Wide, Suitable for high-Speed Steel,for All Kinds of 6 inch Bench Grinders(150 Grit)",Active,99,"{""Style"": ""150 Grit""}",0
DM-P6-CBN-P,"dmsphd CBN Grinding Wheel with 6 inch,Adjustable Bore,1'' Wide,Plastic Body, Suitable for high-Speed Steel,for All Kinds of 6 inch Bench Grinders",STYLE (Deprecated: Do Not Use),DM-P6-CBN-600,"dmsphd CBN Grinding Wheel with 6 inch, Plastic Body,Adjustable Bore,1'' Wide, Suitable for high-Speed Steel,for All Kinds of 6 inch Bench Grinders(600 Grit)",Active,100,"{""Style"": ""600 Grit""}",0
DM-P6-CBN-P,"dmsphd CBN Grinding Wheel with 6 inch,Adjustable Bore,1'' Wide,Plastic Body, Suitable for high-Speed Steel,for All Kinds of 6 inch Bench Grinders",STYLE (Deprecated: Do Not Use),DM-P6-CBN-800,"dmsphd CBN Grinding Wheel with 6 inch,Adjustable Bore,1'' Wide,Plastic Body, Suitable for high-Speed Steel,for All Kinds of 6 inch Bench Grinders (800 Grit)",Active,101,"{""Style"": ""800 Grit""}",0
DM-P6-CBN-P,"dmsphd CBN Grinding Wheel with 6 inch,Adjustable Bore,1'' Wide,Plastic Body, Suitable for high-Speed Steel,for All Kinds of 6 inch Bench Grinders",STYLE (Deprecated: Do Not Use),DM-P6-CBN-G320,"dmsphd CBN Grinding Wheel with 6 inch,Plastic Body,Adjustable Bore,1'' Wide, Suitable for high-Speed Steel,for All Kinds of 6 inch Bench Grinders(320 Grit)",Active,102,"{""Style"": ""320 Grit""}",0
DM-P6-CBN-P,"dmsphd CBN Grinding Wheel with 6 inch,Adjustable Bore,1'' Wide,Plastic Body, Suitable for high-Speed Steel,for All Kinds of 6 inch Bench Grinders",STYLE (Deprecated: Do Not Use),DM-P6-CBN-G80,"dmsphd CBN Grinding Wheel with 6 inch, Plastic Body,Adjustable Bore,1'' Wide, Suitable for high-Speed Steel,for All Kinds of 6 inch Bench Grinders(80 Grit)",Active,103,"{""Style"": ""80 Grit""}",0
DM-TMK-8-SP,dmsphd 8 Inch CBN Grinding Wheel 8‘’x1.5''x12mm Arbor for T-4 Sharpening System and Sharpening High-Speed Steel Tools,STYLE (Deprecated: Do Not Use),DM-TMK-8-1000,"CBN Grinding Wheel 8 inch 1000 Grit,WIde 1.5'',12mm Arbor for T-4 Sharpening System and Sharpening High-Speed Steel Tools (1000 Grit)",Active,107,"{""Style"": ""1000Grit""}",0
DM-TMK-8-SP,dmsphd 8 Inch CBN Grinding Wheel 8‘’x1.5''x12mm Arbor for T-4 Sharpening System and Sharpening High-Speed Steel Tools,STYLE (Deprecated: Do Not Use),DM-TMK-8-1200,dmsphd 8 Inch CBN Grinding Wheel 8‘’x1.5''x12mm Arbor for T-4 Sharpening System and Sharpening High-Speed Steel Tools (1200 Grit),Active,108,"{""Style"": ""1200Grit""}",0
DM-TMK-8-SP,dmsphd 8 Inch CBN Grinding Wheel 8‘’x1.5''x12mm Arbor for T-4 Sharpening System and Sharpening High-Speed Steel Tools,STYLE (Deprecated: Do Not Use),DM-TMK-8-200,"CBN Grinding Wheel 8 inch 200Grit,1.5'' Wide,12mm Arbor for T-4 Sharpening System and Sharpening High-Speed Steel Tools (200 Grit)",Active,109,"{""Style"": ""200 Grit""}",0
DM-TMK-8-SP,dmsphd 8 Inch CBN Grinding Wheel 8‘’x1.5''x12mm Arbor for T-4 Sharpening System and Sharpening High-Speed Steel Tools,STYLE (Deprecated: Do Not Use),DM-TMK-8-400,"CBN Grinding Wheel 8 inch 400 Grit,1.5'' Wide ,12mm Arbor for T-4 Sharpening System and Sharpening High-Speed Steel Tools (400 Grit)",Active,110,"{""Style"": ""400Grit""}",0
DM-TMK-8-SP,dmsphd 8 Inch CBN Grinding Wheel 8‘’x1.5''x12mm Arbor for T-4 Sharpening System and Sharpening High-Speed Steel Tools,STYLE (Deprecated: Do Not Use),DM-TMK-8-600,"CBN Grinding Wheel 8 inch 600 Grit,Wide 1.5'',12mm Arbor for T-4 Sharpening System and Sharpening High-Speed Steel Tools (600 Grit)",Active,111,"{""Style"": ""600Grit""}",0
DM-TMK-8-SP,dmsphd 8 Inch CBN Grinding Wheel 8‘’x1.5''x12mm Arbor for T-4 Sharpening System and Sharpening High-Speed Steel Tools,STYLE (Deprecated: Do Not Use),DM-TMK-8-800,"CBN Grinding Wheel 8 inch 800 Grit,Wide 1.5'',12mm Arbor for T-4 Sharpening System and Sharpening High-Speed Steel Tools (800 Grit)",Active,112,"{""Style"": ""800Grit""}",0
DM37718,"37.7"" Diamond Band Saw Blade for Stone Marble Ceramic Glass, 960mm x 1/8"" 180 Grit Wet Cutting Diamond Grit Blade, Professional Tile Porcelain Band Saw Blade Replacement",NUMBER_OF_ITEMS,0R-08BK-T291,"37.7"" Diamond Band Saw Blade for Stone Marble Ceramic Glass, 960mm x 1/8"" 180 Grit Wet Cutting Diamond Grit Blade, Professional Tile Porcelain Band Saw Blade Replacement (3)",Active,216,"{""Number of Items"": ""3""}",0
DM37718,"37.7"" Diamond Band Saw Blade for Stone Marble Ceramic Glass, 960mm x 1/8"" 180 Grit Wet Cutting Diamond Grit Blade, Professional Tile Porcelain Band Saw Blade Replacement",NUMBER_OF_ITEMS,EB-BLNO-JZXR,"37.7"" Diamond Band Saw Blade for Stone Marble Ceramic Glass, 960mm x 1/8"" 180 Grit Wet Cutting Diamond Grit Blade, Professional Tile Porcelain Band Saw Blade Replacement (1)",Active,223,"{""Number of Items"": ""1""}",0
DM37718,"37.7"" Diamond Band Saw Blade for Stone Marble Ceramic Glass, 960mm x 1/8"" 180 Grit Wet Cutting Diamond Grit Blade, Professional Tile Porcelain Band Saw Blade Replacement",NUMBER_OF_ITEMS,F7-TNXI-JB91,"37.7"" Diamond Band Saw Blade for Stone Marble Ceramic Glass, 960mm x 1/8"" 180 Grit Wet Cutting Diamond Grit Blade, Professional Tile Porcelain Band Saw Blade Replacement (10)",Active,224,"{""Number of Items"": ""10""}",0
DM37718,"37.7"" Diamond Band Saw Blade for Stone Marble Ceramic Glass, 960mm x 1/8"" 180 Grit Wet Cutting Diamond Grit Blade, Professional Tile Porcelain Band Saw Blade Replacement",NUMBER_OF_ITEMS,SI-JJNH-PG4W,"37.7"" Diamond Band Saw Blade for Stone Marble Ceramic Glass, 960mm x 1/8"" 180 Grit Wet Cutting Diamond Grit Blade, Professional Tile Porcelain Band Saw Blade Replacement (5)",Active,230,"{""Number of Items"": ""5""}",0
DMSPHD-SGTOOL-PARENT,"DMSPHD Stained Glass Tool Kit, Glass Breaker Grozer Pliers and Solder Wire Straightener Set",SIZE_NAME (Deprecated: Do Not Use),DMSPHD-SGTOOL-BASIC,"Stained Glass Tool Kit for Beginners, Glass Breaker Grozer Pliers with Plastic Solder Wire Straightener and Foil Burnishing Tool, Stained Glass Making Tools for DIY Crafts",Active,179,"{""Number of Items"": ""3""}",0
DMSPHD-SGTOOL-PARENT,"DMSPHD Stained Glass Tool Kit, Glass Breaker Grozer Pliers and Solder Wire Straightener Set",SIZE_NAME (Deprecated: Do Not Use),DMSPHD-SGTOOL-PRO,"Stained Glass Tool Kit, Glass Breaker Grozer Pliers with Metal Solder Wire Straightener and Long Short Foil Burnishing Tools, Stained Glass Making Tools for Foiling and Soldering Prep",Active,181,"{""Number of Items"": ""4""}",0
FB-NYMR-E1HR,3 pcs 5-3/4 Inch Taurus 3.0 and II.2 Ring Saw Replacement Diamond Coated Blade Grit 170,NUMBER_OF_ITEMS,DIA-RING-SAW-3PCS,3pcs 5-3/4 Inch Taurus 3.0 and II.2 Ring Saw Replacement Diamond Coated Blade Grit 170,Active,221,"{""Number of Items"": ""3""}",0
P-Four-One,"CBN Grinding Wheel 8 inch 1.25"" Wide, 5/8"" Bore,Aluminum Body, Suitable for High Speed Steel Tools and Bench Grinders",STYLE (Deprecated: Do Not Use),DM-8INCH-125-320,"CBN Grinding Wheel 8 inch 1.25"" Wide, 5/8"" Bore,Aluminum Body, Suitable for High Speed Steel Tools and Bench Grinders (320 Grit)",Active,42,"{""Style"": ""320 Grit""}",0
P-Four-One,"CBN Grinding Wheel 8 inch 1.25"" Wide, 5/8"" Bore,Aluminum Body, Suitable for High Speed Steel Tools and Bench Grinders",STYLE (Deprecated: Do Not Use),DM8125-600,"CBN Grinding Wheel 8 inch 1.25"" Wide, 5/8"" Bore,Aluminum Body, Suitable for High Speed Steel Tools and Bench Grinders (600 Grit)",Active,115,"{""Style"": ""600 Grit""}",0
P-Four-One,"CBN Grinding Wheel 8 inch 1.25"" Wide, 5/8"" Bore,Aluminum Body, Suitable for High Speed Steel Tools and Bench Grinders",STYLE (Deprecated: Do Not Use),P-8-Four-One-350,"CBN Grinding Wheel 8 inch 1.25"" Wide, 5/8"" Bore,Aluminum Body, Suitable for High Speed Steel Tools and Bench Grinders (350 Grit)",Active,133,"{""Style"": ""350 Grit""}",0
P-Four-One,"CBN Grinding Wheel 8 inch 1.25"" Wide, 5/8"" Bore,Aluminum Body, Suitable for High Speed Steel Tools and Bench Grinders",STYLE (Deprecated: Do Not Use),P-Four-80,"CBN Grinding Wheel 8 inch 80 Grit, 1.25"" Wide, 5/8"" Bore,Aluminum Body, Suitable for High Speed Steel Tools and Bench Grinders (80 Grit)",Active,135,"{""Style"": ""80 Grit""}",0
P-Four-One,"CBN Grinding Wheel 8 inch 1.25"" Wide, 5/8"" Bore,Aluminum Body, Suitable for High Speed Steel Tools and Bench Grinders",STYLE (Deprecated: Do Not Use),P-Four-One-1000,"CBN Grinding Wheel 8 inch 1000 Grit, 1.25"" Wide, 5/8"" Bore,Aluminum Body, Suitable for High Speed Steel Tools and Bench Grinders (1000 Grit)",Active,137,"{""Style"": ""1000 Grit""}",0
P-Four-One,"CBN Grinding Wheel 8 inch 1.25"" Wide, 5/8"" Bore,Aluminum Body, Suitable for High Speed Steel Tools and Bench Grinders",STYLE (Deprecated: Do Not Use),P-Four-One-180,"CBN Grinding Wheel 8 inch 180 Grit, 1.25"" Wide, 5/8"" Bore,Aluminum Body, Suitable for High Speed Steel Tools and Bench Grinders (180 Grit)",Active,138,"{""Style"": ""180 Grit""}",0
PI-CA80-8AZI,"4 in 1 Plus CBN Grinding Wheel 8 inch Radius Edge,1.5” Wide,5/8” Arbor,for Sharpening Woodturning Tools、High Speed Steel Tools",STYLE (Deprecated: Do Not Use),4IN1PLUS-R-1000,"CBN Grinding Wheel 8 inch 1000 Grit Radius Edge,1.5” Wide,5/8” Arbor,for Sharpening Woodturning Tools、High Speed Steel Tools (1000 Grit)",Active,11,"{""Style"": ""1000 Grit""}",0
PI-CA80-8AZI,"4 in 1 Plus CBN Grinding Wheel 8 inch Radius Edge,1.5” Wide,5/8” Arbor,for Sharpening Woodturning Tools、High Speed Steel Tools",STYLE (Deprecated: Do Not Use),4IN1PLUS-R-180,"CBN Grinding Wheel 8 inch 180 Grit Radius Edge,1.5” Wide,5/8” Arbor,for Sharpening Woodturning Tools、High Speed Steel Tools (180 Grit)",Active,12,"{""Style"": ""180 Grit""}",0
PI-CA80-8AZI,"4 in 1 Plus CBN Grinding Wheel 8 inch Radius Edge,1.5” Wide,5/8” Arbor,for Sharpening Woodturning Tools、High Speed Steel Tools",STYLE (Deprecated: Do Not Use),4IN1PLUS-R-600,"CBN Grinding Wheel 8 inch 600 Grit Radius Edge,1.5'' Wide,5/8'' Arbor,for Sharpening Woodturning Tools、High Speed Steel Tools (600 Grit)",Active,13,"{""Style"": ""600 Grit""}",0
RA-3XC5-VWGR,"Dmsphd 42 Inch x 1/8 Inch Diamond Coated Band Saw Blade for Gryphon Tall C-40 CR, Kent AquaSaw XL, Stainless Steel, 3 Pack",NUMBER_OF_ITEMS,10-MCVT-F2DP,"5pcs 42 Inch x 1/8 Inch Diamond Coated Band Saw Blade for Gryphon Tall C-40 CR, Kent AquaSaw XL, Stainless Steel, Pack (5)",Active,217,"{""Number of Items"": ""5""}",0
RA-3XC5-VWGR,"Dmsphd 42 Inch x 1/8 Inch Diamond Coated Band Saw Blade for Gryphon Tall C-40 CR, Kent AquaSaw XL, Stainless Steel, 3 Pack",NUMBER_OF_ITEMS,L9-8RBT-0K3Y,"1pcs 42 Inch x 1/8 Inch Diamond Coated Band Saw Blade for Gryphon Tall C-40 CR, Kent AquaSaw XL, Stainless Steel, Pack (1)",Active,226,"{""Number of Items"": ""1""}",0
RA-3XC5-VWGR,"Dmsphd 42 Inch x 1/8 Inch Diamond Coated Band Saw Blade for Gryphon Tall C-40 CR, Kent AquaSaw XL, Stainless Steel, 3 Pack",NUMBER_OF_ITEMS,PB-L327-LMIH,"10pcs 42 Inch x 1/8 Inch Diamond Coated Band Saw Blade for Gryphon Tall C-40 CR, Kent AquaSaw XL, Stainless Steel, Pack (10)",Active,228,"{""Number of Items"": ""10""}",0
RA-3XC5-VWGR,"Dmsphd 42 Inch x 1/8 Inch Diamond Coated Band Saw Blade for Gryphon Tall C-40 CR, Kent AquaSaw XL, Stainless Steel, 3 Pack",NUMBER_OF_ITEMS,ZE-SN1T-MLIR,"3pcs 42 Inch x 1/8 Inch Diamond Coated Band Saw Blade for Gryphon Tall C-40 CR, Kent AquaSaw XL, Stainless Steel, 3 Pack (3)",Active,233,"{""Number of Items"": ""3""}",0
SL-2UC5-9Y1L,"dmsphd CBN Grinding Wheel 8 inch Fit for All 8-inch Bench Grinder, Aluminum Base Metal Sharpening Wheel, Less Heat",STYLE (Deprecated: Do Not Use),Aluminium-1000,"dmsphd CBN Grinding Wheel 8'' 1000 Grit,5/8'' Bore,1'' Wide, Aluminum Body, Suitable for All Kinds of 8 inch Grinder, for Sharpening HSS Woodturning Tools (1000 Grit)",Active,19,"{""Style"": ""1000 Grit""}",0
SL-2UC5-9Y1L,"dmsphd CBN Grinding Wheel 8 inch Fit for All 8-inch Bench Grinder, Aluminum Base Metal Sharpening Wheel, Less Heat",STYLE (Deprecated: Do Not Use),Aluminium-180,"dmsphd CBN Grinding Wheel 8'' 180 Grit,5/8'' Bore,1'' Wide, Aluminum Body, Suitable for All Kinds of 8 inch",Active,20,"{""Style"": ""180 Grit""}",0
SL-2UC5-9Y1L,"dmsphd CBN Grinding Wheel 8 inch Fit for All 8-inch Bench Grinder, Aluminum Base Metal Sharpening Wheel, Less Heat",STYLE (Deprecated: Do Not Use),Aluminium-320,"dmsphd CBN Grinding Wheel 8'' 320 Grit,5/8'' Bore,1'' Wide, Aluminum Body, Suitable for All Kinds of 8 inch Grinder, for Sharpening HSS Woodturning Tools (320 Grit)",Active,21,"{""Style"": ""320 Grit""}",0
SL-2UC5-9Y1L,"dmsphd CBN Grinding Wheel 8 inch Fit for All 8-inch Bench Grinder, Aluminum Base Metal Sharpening Wheel, Less Heat",STYLE (Deprecated: Do Not Use),Aluminium-60,"dmsphd CBN Grinding Wheel 8 inch Fit for All 8-inch Bench Grinder, Aluminum Base Metal Sharpening Wheel, Less Heat (60 Grit)",Active,22,"{""Style"": ""60 Grit""}",0
SL-2UC5-9Y1L,"dmsphd CBN Grinding Wheel 8 inch Fit for All 8-inch Bench Grinder, Aluminum Base Metal Sharpening Wheel, Less Heat",STYLE (Deprecated: Do Not Use),Aluminium-600,"dmsphd CBN Grinding Wheel 8'' 600 Grit,5/8'' Bore,1'' Wide, Aluminum Body, Suitable for All Kinds of 8 inch Grinder, for Sharpening HSS Woodturning Tools (600 Grit)",Active,23,"{""Style"": ""600 Grit""}",0
SL-2UC5-9Y1L,"dmsphd CBN Grinding Wheel 8 inch Fit for All 8-inch Bench Grinder, Aluminum Base Metal Sharpening Wheel, Less Heat",STYLE (Deprecated: Do Not Use),Aluminium-80,"dmsphd CBN Grinding Wheel 8'' 80 Grit,5/8'' Bore,1'' Wide, Aluminum Body, Suitable for All Kinds of 8 inch Grinder, for Sharpening HSS Woodturning Tools (80 Grit).",Active,24,"{""Style"": ""80 Grit""}",0
SL-2UC5-9Y1L,"dmsphd CBN Grinding Wheel 8 inch Fit for All 8-inch Bench Grinder, Aluminum Base Metal Sharpening Wheel, Less Heat",STYLE (Deprecated: Do Not Use),JC-KF0S-QB6A,"dmsphd CBN Grinding Wheel 8 inch Fit for All 8-inch Bench Grinder, Aluminum Base Metal Sharpening Wheel, Less Heat (220 Grit)",Active,127,"{""Style"": ""220 Grit""}",0
SP-DMS-TMKA,"CBN Grinding Wheel for Tormek T8 Knife Sharpener, 10 inch Dia, 250mm x 50mm, 12mm Arbor, Grit 400, Rounded Corner",STYLE (Deprecated: Do Not Use),DMS-TMKA-1000,"CBN Grinding Wheel for Tormek T8 Knife Sharpener, 10 inch Dia, 250mm x 50mm, 12mm Arbor, Grit 1000, Rounded Corner",Active,116,"{""Style"": ""1000 Grit""}",0
SP-DMS-TMKA,"CBN Grinding Wheel for Tormek T8 Knife Sharpener, 10 inch Dia, 250mm x 50mm, 12mm Arbor, Grit 400, Rounded Corner",STYLE (Deprecated: Do Not Use),DMS-TMKA-12000,"CBN Grinding Wheel for Tormek T8 Knife Sharpener, 10 inch Dia, 250mm x 50mm, 12mm Arbor, Grit 1200, Rounded Corner",Active,117,"{""Style"": ""1200 Grit""}",0
SP-DMS-TMKA,"CBN Grinding Wheel for Tormek T8 Knife Sharpener, 10 inch Dia, 250mm x 50mm, 12mm Arbor, Grit 400, Rounded Corner",STYLE (Deprecated: Do Not Use),DMS-TMKA-200,"CBN Grinding Wheel for Tormek T8 Knife Sharpener, 10 inch Dia, 250mm x 50mm, 12mm Arbor, Grit 200, Rounded Corner",Active,118,"{""Style"": ""200 Grit""}",0
SP-DMS-TMKA,"CBN Grinding Wheel for Tormek T8 Knife Sharpener, 10 inch Dia, 250mm x 50mm, 12mm Arbor, Grit 400, Rounded Corner",STYLE (Deprecated: Do Not Use),DMS-TMKA-400,"CBN Grinding Wheel for Tormek T8 Knife Sharpener, 10 inch Dia, 250mm x 50mm, 12mm Arbor, Grit 400, Rounded Corner",Active,119,"{""Style"": ""400 Grit""}",0
SP-DMS-TMKA,"CBN Grinding Wheel for Tormek T8 Knife Sharpener, 10 inch Dia, 250mm x 50mm, 12mm Arbor, Grit 400, Rounded Corner",STYLE (Deprecated: Do Not Use),DMS-TMKA-600,"CBN Grinding Wheel for Tormek T8 Knife Sharpener, 10 inch Dia, 250mm x 50mm, 12mm Arbor, Grit 600, Rounded Corner",Active,120,"{""Style"": ""600 Grit""}",0
SP-DMS-TMKA,"CBN Grinding Wheel for Tormek T8 Knife Sharpener, 10 inch Dia, 250mm x 50mm, 12mm Arbor, Grit 400, Rounded Corner",STYLE (Deprecated: Do Not Use),DMS-TMKA-80,"CBN Grinding Wheel for Tormek T8 Knife Sharpener, 10 inch Dia, 250mm x 50mm, 12mm Arbor, Grit 80, Rounded Corner",Active,121,"{""Style"": ""80 Grit""}",0
SP-DMS-TMKA,"CBN Grinding Wheel for Tormek T8 Knife Sharpener, 10 inch Dia, 250mm x 50mm, 12mm Arbor, Grit 400, Rounded Corner",STYLE (Deprecated: Do Not Use),DMS-TMKA-800,"CBN Grinding Wheel for Tormek T8 Knife Sharpener, 10 inch Dia, 250mm x 50mm, 12mm Arbor, Grit 800, Rounded Corner",Active,122,"{""Style"": ""800 Grit""}",0
SP-EAK287B6A8A6E3QG,"Diamond Flat Lap Disc, 6"" x 1/2"" Arbor, Diamond-Coated Grinding, Sanding, Lapping, and Polishing Disc for Gemstones, Ceramics, Stone, and Glass",STYLE (Deprecated: Do Not Use),DIA-FLAT-6-80,"Diamond Flat Lap Disc, 6"" x 1/2"" Arbor, Diamond-Coated Grinding, Sanding, Lapping, and Polishing Disc for Gemstones, Ceramics, Stone, and Glass (80 Grit)",Active,28,"{""Style"": ""80 Grit""}",0
SP-EAK287B6A8A6E3QG,"Diamond Flat Lap Disc, 6"" x 1/2"" Arbor, Diamond-Coated Grinding, Sanding, Lapping, and Polishing Disc for Gemstones, Ceramics, Stone, and Glass",STYLE (Deprecated: Do Not Use),DM-DM-6-H-1000,"Diamond Flat Lap Disc, 6"" x 1/2"" Arbor, Diamond-Coated Grinding, Sanding, Lapping, and Polishing Disc for Gemstones, Ceramics, Stone, and Glass (1000 Grit)",Active,53,"{""Style"": ""1000 Grit""}",0
SP-EAK287B6A8A6E3QG,"Diamond Flat Lap Disc, 6"" x 1/2"" Arbor, Diamond-Coated Grinding, Sanding, Lapping, and Polishing Disc for Gemstones, Ceramics, Stone, and Glass",STYLE (Deprecated: Do Not Use),DM-DM-6-H-120,"Diamond Flat Lap Disc, 6"" x 1/2"" Arbor, Diamond-Coated Grinding, Sanding, Lapping, and Polishing Disc for Gemstones, Ceramics, Stone, and Glass (120 Grit)",Active,54,"{""Style"": ""120 Grit""}",0
SP-EAK287B6A8A6E3QG,"Diamond Flat Lap Disc, 6"" x 1/2"" Arbor, Diamond-Coated Grinding, Sanding, Lapping, and Polishing Disc for Gemstones, Ceramics, Stone, and Glass",STYLE (Deprecated: Do Not Use),DM-DM-6-H-1500,"Diamond Flat Lap Disc, 6"" x 1/2"" Arbor, Diamond-Coated Grinding, Sanding, Lapping, and Polishing Disc for Gemstones, Ceramics, Stone, and Glass (1500 Grit)",Active,55,"{""Style"": ""1500 Grit""}",0
SP-EAK287B6A8A6E3QG,"Diamond Flat Lap Disc, 6"" x 1/2"" Arbor, Diamond-Coated Grinding, Sanding, Lapping, and Polishing Disc for Gemstones, Ceramics, Stone, and Glass",STYLE (Deprecated: Do Not Use),DM-DM-6-H-180,"Diamond Flat Lap Disc, 6"" x 1/2"" Arbor, Diamond-Coated Grinding, Sanding, Lapping, and Polishing Disc for Gemstones, Ceramics, Stone, and Glass (180 Grit)",Active,56,"{""Style"": ""180 Grit""}",0
SP-EAK287B6A8A6E3QG,"Diamond Flat Lap Disc, 6"" x 1/2"" Arbor, Diamond-Coated Grinding, Sanding, Lapping, and Polishing Disc for Gemstones, Ceramics, Stone, and Glass",STYLE (Deprecated: Do Not Use),DM-DM-6-H-2000,"Diamond Flat Lap Disc, 6"" x 1/2"" Arbor, Diamond-Coated Grinding, Sanding, Lapping, and Polishing Disc for Gemstones, Ceramics, Stone, and Glass (2000 Grit)",Active,57,"{""Style"": ""2000 Grit""}",0
SP-EAK287B6A8A6E3QG,"Diamond Flat Lap Disc, 6"" x 1/2"" Arbor, Diamond-Coated Grinding, Sanding, Lapping, and Polishing Disc for Gemstones, Ceramics, Stone, and Glass",STYLE (Deprecated: Do Not Use),DM-DM-6-H-240,"Diamond Flat Lap Disc, 6"" x 1/2"" Arbor, Diamond-Coated Grinding, Sanding, Lapping, and Polishing Disc for Gemstones, Ceramics, Stone, and Glass (240 Grit)",Active,58,"{""Style"": ""240 Grit""}",0
SP-EAK287B6A8A6E3QG,"Diamond Flat Lap Disc, 6"" x 1/2"" Arbor, Diamond-Coated Grinding, Sanding, Lapping, and Polishing Disc for Gemstones, Ceramics, Stone, and Glass",STYLE (Deprecated: Do Not Use),DM-DM-6-H-3000,"Diamond Flat Lap Disc, 6"" x 1/2"" Arbor, Diamond-Coated Grinding, Sanding, Lapping, and Polishing Disc for Gemstones, Ceramics, Stone, and Glass (3000 Grit)",Active,59,"{""Style"": ""3000 Grit""}",0
SP-EAK287B6A8A6E3QG,"Diamond Flat Lap Disc, 6"" x 1/2"" Arbor, Diamond-Coated Grinding, Sanding, Lapping, and Polishing Disc for Gemstones, Ceramics, Stone, and Glass",STYLE (Deprecated: Do Not Use),DM-DM-6-H-320,"Diamond Flat Lap Disc, 6"" x 1/2"" Arbor, Diamond-Coated Grinding, Sanding, Lapping, and Polishing Disc for Gemstones, Ceramics, Stone, and Glass (320 Grit)",Active,60,"{""Style"": ""320 Grit""}",0
SP-EAK287B6A8A6E3QG,"Diamond Flat Lap Disc, 6"" x 1/2"" Arbor, Diamond-Coated Grinding, Sanding, Lapping, and Polishing Disc for Gemstones, Ceramics, Stone, and Glass",STYLE (Deprecated: Do Not Use),DM-DM-6-H-400,"Diamond Flat Lap Disc, 6"" x 1/2"" Arbor, Diamond-Coated Grinding, Sanding, Lapping, and Polishing Disc for Gemstones, Ceramics, Stone, and Glass (400 Grit)",Active,61,"{""Style"": ""400 Grit""}",0
SP-EAK287B6A8A6E3QG,"Diamond Flat Lap Disc, 6"" x 1/2"" Arbor, Diamond-Coated Grinding, Sanding, Lapping, and Polishing Disc for Gemstones, Ceramics, Stone, and Glass",STYLE (Deprecated: Do Not Use),DM-DM-6-H-500,"Diamond Flat Lap Disc, 6"" x 1/2"" Arbor, Diamond-Coated Grinding, Sanding, Lapping, and Polishing Disc for Gemstones, Ceramics, Stone, and Glass (500 Grit)",Active,62,"{""Style"": ""500 Grit""}",0
SP-EAK287B6A8A6E3QG,"Diamond Flat Lap Disc, 6"" x 1/2"" Arbor, Diamond-Coated Grinding, Sanding, Lapping, and Polishing Disc for Gemstones, Ceramics, Stone, and Glass",STYLE (Deprecated: Do Not Use),DM-DM-6-H-60,"Diamond Flat Lap Disc, 6"" x 1/2"" Arbor, Diamond-Coated Grinding, Sanding, Lapping, and Polishing Disc for Gemstones, Ceramics, Stone, and Glass (60 Grit)",Active,63,"{""Style"": ""60 Grit""}",0
SP-EAK287B6A8A6E3QG,"Diamond Flat Lap Disc, 6"" x 1/2"" Arbor, Diamond-Coated Grinding, Sanding, Lapping, and Polishing Disc for Gemstones, Ceramics, Stone, and Glass",STYLE (Deprecated: Do Not Use),DM-DM-6-H-600,"Diamond Flat Lap Disc, 6"" x 1/2"" Arbor, Diamond-Coated Grinding, Sanding, Lapping, and Polishing Disc for Gemstones, Ceramics, Stone, and Glass (600 Grit)",Active,64,"{""Style"": ""600 Grit""}",0
SP-EAK287B6A8A6E3QG,"Diamond Flat Lap Disc, 6"" x 1/2"" Arbor, Diamond-Coated Grinding, Sanding, Lapping, and Polishing Disc for Gemstones, Ceramics, Stone, and Glass",STYLE (Deprecated: Do Not Use),DM-DM-6-H-800,"Diamond Flat Lap Disc, 6"" x 1/2"" Arbor, Diamond-Coated Grinding, Sanding, Lapping, and Polishing Disc for Gemstones, Ceramics, Stone, and Glass (800 Grit)",Active,65,"{""Style"": ""800 Grit""}",0
SP-P9FRFNWFZV6334XH,"dmsphd Diamond Blade for Masonry, Dry Cutting, Continuous Rim",STYLE (Deprecated: Do Not Use),dm-cutting-4,"dmsphd Diamond Blade for Masonry, Dry Cutting, Continuous Rim, 20mm Arbor, 4 Inch l (4 inch)",Active,234,"{""Style"": ""4 inch""}",0
SP-P9FRFNWFZV6334XH,"dmsphd Diamond Blade for Masonry, Dry Cutting, Continuous Rim",STYLE (Deprecated: Do Not Use),dm-cutting-45,"dmsphd Diamond Blade for Masonry, Dry Cutting, Continuous Rim, 22mm Arbor, 4.5 Inch (4.5 inch)",Active,235,"{""Style"": ""4.5 inch""}",0
SP-R811KUIJC29YUNH9,"CBN Grinding Wheel for Sharpening, 10 Inches Diameter, 12mm Arbor Fitment, Tormek Compatible",STYLE (Deprecated: Do Not Use),DM-TMK-10-200,"CBN Grinding Wheel for Sharpening, 10 Inches Diameter, 12mm Arbor Fitment, Tormek Compatible (200 Grit)",Active,106,"{""Style"": ""200 Grit""}",0
SP-R811KUIJC29YUNH9,"CBN Grinding Wheel for Sharpening, 10 Inches Diameter, 12mm Arbor Fitment, Tormek Compatible",STYLE (Deprecated: Do Not Use),Spartan-10-400,"10 inch CBN Grinding Wheel 400 Grit, 2"" Wide x 12mm Bore, for Tormek T-8 Sharpening System、 High-Speed Steel Tool (400 Grit)",Active,150,"{""Style"": ""400 Grit""}",0
SP-R811KUIJC29YUNH9,"CBN Grinding Wheel for Sharpening, 10 Inches Diameter, 12mm Arbor Fitment, Tormek Compatible",STYLE (Deprecated: Do Not Use),Spartan-10-600,"CBN Grinding Wheel for Sharpening, 10 Inches Diameter, 12mm Arbor Fitment, Tormek Compatible (600 Grit)",Active,151,"{""Style"": ""600 Grit""}",0
SP-R811KUIJC29YUNH9,"CBN Grinding Wheel for Sharpening, 10 Inches Diameter, 12mm Arbor Fitment, Tormek Compatible",STYLE (Deprecated: Do Not Use),Spartan-10-80,"10 inch CBN Grinding Wheel 80 Grit, 2"" Wide x 12mm Bore, for Tormek T-8 Sharpening System、 High-Speed Steel Tool 1 pcs (80 Grit)",Active,152,"{""Style"": ""80 Grit""}",0
SP-R811KUIJC29YUNH9,"CBN Grinding Wheel for Sharpening, 10 Inches Diameter, 12mm Arbor Fitment, Tormek Compatible",STYLE (Deprecated: Do Not Use),Spartan-10-800,"10 inch CBN Grinding Wheel 800 Grit, 2"" Wide x 12mm Bore, for Tormek T-8 Sharpening System、 High-Speed Steel Tool (800 Grit)",Active,153,"{""Style"": ""800 Grit""}",0
SP-R811KUIJC29YUNH9,"CBN Grinding Wheel for Sharpening, 10 Inches Diameter, 12mm Arbor Fitment, Tormek Compatible",STYLE (Deprecated: Do Not Use),TMK-10-1000,"CBN Grinding Wheel 10 inch 1000 Grit,2'' Wide x 12mm Arbor for Tormek T-8 Sharpening System、 High-Speed Steel Tool (1000 Grit)",Active,154,"{""Style"": ""1000 Grit""}",0
SP-R811KUIJC29YUNH9,"CBN Grinding Wheel for Sharpening, 10 Inches Diameter, 12mm Arbor Fitment, Tormek Compatible",STYLE (Deprecated: Do Not Use),X4-ESLG-7046,"10 inch CBN Grinding Wheel 1200 Grit, 2"" Wide x 12mm Bore, for Tormek T-8 Sharpening System、 High-Speed Steel Tool (1200 Grit)",Active,162,"{""Style"": ""1200 Grit""}",0
Tungsten-steel,Hard alloy rotary file tungsten steel grinding head metal milling cutter grinding root carving wood carving grinding needle 3mm handle set,SIZE,Tungsten-steel-3,Hard alloy rotary file tungsten steel grinding head metal milling cutter grinding root carving wood carving grinding needle 3mm handle set (3mm*3mm),Active,156,"{""Size"": ""3mm*3mm""}",0
Tungsten-steel,Hard alloy rotary file tungsten steel grinding head metal milling cutter grinding root carving wood carving grinding needle 3mm handle set,SIZE,Tungsten-steel-4,Hard alloy rotary file tungsten steel grinding head metal milling cutter grinding root carving wood carving grinding needle 3mm handle set (3mm*4mm),Active,157,"{""Size"": ""3mm*4mm""}",0
Tungsten-steel,Hard alloy rotary file tungsten steel grinding head metal milling cutter grinding root carving wood carving grinding needle 3mm handle set,SIZE,Tungsten-steel-5,Hard alloy rotary file tungsten steel grinding head metal milling cutter grinding root carving wood carving grinding needle 3mm handle set (3mm*5mm),Active,158,"{""Size"": ""3mm*5mm""}",0
Tungsten-steel,Hard alloy rotary file tungsten steel grinding head metal milling cutter grinding root carving wood carving grinding needle 3mm handle set,SIZE,Tungsten-steel-6,Hard alloy rotary file tungsten steel grinding head metal milling cutter grinding root carving wood carving grinding needle 3mm handle set (3mm*6mm),Active,159,"{""Size"": ""3mm*6mm""}",0
WN-F66P-RG5C,"37"" x 1/8"" Replacement Diamond Coated Band Saw Blade Fit Laser XL, Diamond 3000XL, C-40 & Other for Speedster Precision 2000 Laser 1000 Dl3000",STYLE (Deprecated: Do Not Use),10pcs3718,"37"" x 1/8"" Replacement Diamond Coated Band Saw Blade Fit Laser XL, Diamond 3000XL, C-40 & Other for Speedster Precision 2000 Laser 1000 Dl3000 (10pcs 37"" x 1/8""）",Active,218,"{""Style"": ""10pcs""}",0
WN-F66P-RG5C,"37"" x 1/8"" Replacement Diamond Coated Band Saw Blade Fit Laser XL, Diamond 3000XL, C-40 & Other for Speedster Precision 2000 Laser 1000 Dl3000",STYLE (Deprecated: Do Not Use),5PCSMD3718,"37"" x 1/8"" Replacement Diamond Coated Band Saw Blade Fit Laser XL, Diamond 3000XL, C-40 & Other for Speedster Precision 2000 Laser 1000 Dl3000 (5pcs37"" x 1/8""）",Active,219,"{""Style"": ""5pcs""}",0
WN-F66P-RG5C,"37"" x 1/8"" Replacement Diamond Coated Band Saw Blade Fit Laser XL, Diamond 3000XL, C-40 & Other for Speedster Precision 2000 Laser 1000 Dl3000",STYLE (Deprecated: Do Not Use),7D-WVZY-7OBG,"37"" x 1/8"" Replacement Diamond Coated Band Saw Blade Fit Laser XL, Diamond 3000XL, C-40 & Other for Speedster Precision 2000 Laser 1000 Dl3000 (1pcs 37''x1/8'')",Active,220,"{""Style"": ""1pcs""}",0
WN-F66P-RG5C,"37"" x 1/8"" Replacement Diamond Coated Band Saw Blade Fit Laser XL, Diamond 3000XL, C-40 & Other for Speedster Precision 2000 Laser 1000 Dl3000",STYLE (Deprecated: Do Not Use),MD3718,"37"" x 1/8"" Replacement Diamond Coated Band Saw Blade Fit Laser XL, Diamond 3000XL, C-40 & Other for Speedster Precision 2000 Laser 1000 Dl3000 (3 pcs)",Active,227,"{""Style"": ""3 pcs""}",0
WR-3VFF-RHBX,10-inch Abrasive Wheels & Discs Diamond Coated Flat Lap Disk Wheel Grinding Surface Grinding Wheels Sanding Disc,STYLE (Deprecated: Do Not Use),3D-P9RO-DDQ7,"Diamond Flat Lap Disc, 10 Inch, 320 Grit, 1 Inch Arbor, for Gemstone Glass Ceramics Grinding Polishing (320 Grit)",Active,9,"{""Style"": ""320 Grit""}",0
WR-3VFF-RHBX,10-inch Abrasive Wheels & Discs Diamond Coated Flat Lap Disk Wheel Grinding Surface Grinding Wheels Sanding Disc,STYLE (Deprecated: Do Not Use),8Z-5M0X-WK93,"Diamond Flat Lap Disc, 10 Inch, 100 Grit, 1 Inch Arbor, for Gemstone Glass Ceramics Grinding Polishing (100 Grit)",Active,17,"{""Style"": ""100 Grit""}",0
WR-3VFF-RHBX,10-inch Abrasive Wheels & Discs Diamond Coated Flat Lap Disk Wheel Grinding Surface Grinding Wheels Sanding Disc,STYLE (Deprecated: Do Not Use),DM-DISC-10-SIG,"Diamond Flat Lap Disc, 10 Inch, 1000 Grit, 1 Inch Arbor, for Gemstone Glass Ceramics Grinding Polishing (1000 Grit)",Active,51,"{""Style"": ""1000 Grit""}",0
WR-3VFF-RHBX,10-inch Abrasive Wheels & Discs Diamond Coated Flat Lap Disk Wheel Grinding Surface Grinding Wheels Sanding Disc,STYLE (Deprecated: Do Not Use),DM-HH-10-DISC-3000,"Diamond Flat Lap Disc, 10 Inch, 3000 Grit, 1 Inch Arbor, for Gemstone Glass Ceramics Grinding Polishing (3000 Grit)",Active,81,"{""Style"": ""3000 Grit""}",0
WR-3VFF-RHBX,10-inch Abrasive Wheels & Discs Diamond Coated Flat Lap Disk Wheel Grinding Surface Grinding Wheels Sanding Disc,STYLE (Deprecated: Do Not Use),KK-MW8J-EEEX,"Diamond Flat Lap Disc, 10 Inch, 180 Grit, 1 Inch Arbor, for Gemstone Glass Ceramics Grinding Polishing (180 Grit)",Active,129,"{""Style"": ""180 Grit""}",0
WR-3VFF-RHBX,10-inch Abrasive Wheels & Discs Diamond Coated Flat Lap Disk Wheel Grinding Surface Grinding Wheels Sanding Disc,STYLE (Deprecated: Do Not Use),UC-C0X7-VOS2,"Diamond Flat Lap Disc, 10 Inch, 600 Grit, 1 Inch Arbor, for Gemstone Glass Ceramics Grinding Polishing (600 Grit)",Active,160,"{""Style"": ""600 Grit""}",0
WR-3VFF-RHBX,10-inch Abrasive Wheels & Discs Diamond Coated Flat Lap Disk Wheel Grinding Surface Grinding Wheels Sanding Disc,STYLE (Deprecated: Do Not Use),ZT-HUAI-SRHK,"Diamond Flat Lap Disc, 10 Inch, 60 Grit, 1 Inch Arbor, for Gemstone Glass Ceramics Grinding Polishing (60 Grit)",Active,169,"{""Style"": ""60 Grit""}",0
glass-grinder-wheel,"dmsphd Diamond Grinder Bit Head Tools, Stained Glass Tools and Supplies for Stained Glass Grinder, Widely Used for Glass Processing Arts and Decoration",STYLE (Deprecated: Do Not Use),mcb-1-14-34,dmsphd Glass Grinder Bits 3 PCS Diamond Stained Glass Grinding Wheel includes 1 3/4 1/4 Inch Diamond Glass Grinder Heads (MCB 1'' 1/4'' 3/4''),Active,195,"{""Style"": ""MCB 1'' 1/4'' 3/4''""}",0
glass-grinder-wheel,"dmsphd Diamond Grinder Bit Head Tools, Stained Glass Tools and Supplies for Stained Glass Grinder, Widely Used for Glass Processing Arts and Decoration",STYLE (Deprecated: Do Not Use),mcb-1-14-34-18,"dmsphd Diamond Grinder Bit Head Tools, Stained Glass Tools and Supplies for Stained Glass Grinder, Widely Used for Glass Processing Arts and Decoration (MCB 1'' 1/4'' 3/4'' 1/8"")",Active,196,"{""Style"": ""MCB 1'' 1/4'' 3/4'' 1/8\""""}",0
glass-grinder-wheel,"dmsphd Diamond Grinder Bit Head Tools, Stained Glass Tools and Supplies for Stained Glass Grinder, Widely Used for Glass Processing Arts and Decoration",STYLE (Deprecated: Do Not Use),mcb-34,"dmsphd Glass Grinder Bits for Stained Glass, Stained Glass Tools and Supplies for Stained Glass Grinder, Widely Used for Glass Processing Arts and Decoration (MCB 3/4'')",Active,197,"{""Style"": ""MCB 3/4''""}",0
glass-grinder-wheel,"dmsphd Diamond Grinder Bit Head Tools, Stained Glass Tools and Supplies for Stained Glass Grinder, Widely Used for Glass Processing Arts and Decoration",STYLE (Deprecated: Do Not Use),mcb-34-2,"dmsphd 2pcs 3/4 Inch Diamond Grinder Bit Head Tools, Stained Glass Tools and Supplies for Stained Glass Grinder, Widely Used for Glass Processing Arts and Decoration (MCB 3/4'')",Active,198,"{""Style"": ""2 PCS -MCB 3/4''""}",0
