sku,image_1,image_2,image_3,image_4,image_5,image_6,image_7,image_8,image_9,image_10
2K-7GM5-BRT3,https://m.media-amazon.com/images/I/81GTQtPAiNL.jpg,https://m.media-amazon.com/images/I/71MB5Yaqq8L.jpg,https://m.media-amazon.com/images/I/71KC74kaFAL.jpg,https://m.media-amazon.com/images/I/71fZB3a5AXL.jpg,https://m.media-amazon.com/images/I/71dv3b-qn9L.jpg,,,,,
3B-RP60-PL12,https://m.media-amazon.com/images/I/71a47V8RZiL.jpg,https://m.media-amazon.com/images/I/61RpI7IEqeL.jpg,https://m.media-amazon.com/images/I/610IFF6S7fL.jpg,,,,,,,
3D-P9RO-DDQ7,https://m.media-amazon.com/images/I/71bYh656pJL.jpg,https://m.media-amazon.com/images/I/71UxP86VMFL.jpg,https://m.media-amazon.com/images/I/619sLxFo9TL.jpg,https://m.media-amazon.com/images/I/71gacX1iBYL.jpg,https://m.media-amazon.com/images/I/71LuuffstvL.jpg,https://m.media-amazon.com/images/I/61BWBfWYu9L.jpg,https://m.media-amazon.com/images/I/718xjXmJf1L.jpg,,,
4H-QG3V-V6UF,https://m.media-amazon.com/images/I/71o0dLTUfSL.jpg,https://m.media-amazon.com/images/I/61jehM-2aeL.jpg,https://m.media-amazon.com/images/I/71Z1JpTYGFL.jpg,,,,,,,
4IN1PLUS-R-1000,https://m.media-amazon.com/images/I/61omJDVrxmL.jpg,https://m.media-amazon.com/images/I/71S5g+Uwz6L.jpg,https://m.media-amazon.com/images/I/61esGLBjBcL.jpg,https://m.media-amazon.com/images/I/6178-TovxzL.jpg,https://m.media-amazon.com/images/I/71iAUG41pqL.jpg,,,,,
4IN1PLUS-R-180,https://m.media-amazon.com/images/I/61omJDVrxmL.jpg,https://m.media-amazon.com/images/I/71S5g+Uwz6L.jpg,https://m.media-amazon.com/images/I/61esGLBjBcL.jpg,https://m.media-amazon.com/images/I/6178-TovxzL.jpg,https://m.media-amazon.com/images/I/71iAUG41pqL.jpg,,,,,
4IN1PLUS-R-600,https://m.media-amazon.com/images/I/61omJDVrxmL.jpg,https://m.media-amazon.com/images/I/71S5g+Uwz6L.jpg,https://m.media-amazon.com/images/I/61esGLBjBcL.jpg,https://m.media-amazon.com/images/I/6178-TovxzL.jpg,https://m.media-amazon.com/images/I/71iAUG41pqL.jpg,,,,,
6C-ZALF-OY1H,https://m.media-amazon.com/images/I/71o0dLTUfSL.jpg,https://m.media-amazon.com/images/I/61jehM-2aeL.jpg,https://m.media-amazon.com/images/I/71Z1JpTYGFL.jpg,,,,,,,
6W-WZAG-WGYH,https://m.media-amazon.com/images/I/71o0dLTUfSL.jpg,https://m.media-amazon.com/images/I/61jehM-2aeL.jpg,https://m.media-amazon.com/images/I/71Z1JpTYGFL.jpg,,,,,,,
8P-TWJI-GJ5T,https://m.media-amazon.com/images/I/71o0dLTUfSL.jpg,https://m.media-amazon.com/images/I/61jehM-2aeL.jpg,https://m.media-amazon.com/images/I/71Z1JpTYGFL.jpg,,,,,,,
8Z-5M0X-WK93,https://m.media-amazon.com/images/I/61VfebApKpL.jpg,https://m.media-amazon.com/images/I/71gacX1iBYL.jpg,https://m.media-amazon.com/images/I/71LuuffstvL.jpg,https://m.media-amazon.com/images/I/61ZzZvIqPxL.jpg,,,,,,
AW-PPYS-9FTL,https://m.media-amazon.com/images/I/81GTQtPAiNL.jpg,https://m.media-amazon.com/images/I/61laexceU4L.jpg,https://m.media-amazon.com/images/I/71QV9voZjiL.jpg,,,,,,,
Aluminium-1000,https://m.media-amazon.com/images/I/61HF3OJY0RL.jpg,https://m.media-amazon.com/images/I/715pOlaYWKL.jpg,https://m.media-amazon.com/images/I/81q0c8BRCgL.jpg,https://m.media-amazon.com/images/I/61JtI+5IyjL.jpg,https://m.media-amazon.com/images/I/711MhJHh9JL.jpg,https://m.media-amazon.com/images/I/71fZB3a5AXL.jpg,https://m.media-amazon.com/images/I/61oSJortnUL.jpg,https://m.media-amazon.com/images/I/71dv3b-qn9L.jpg,,
Aluminium-180,https://m.media-amazon.com/images/I/61DCtkXOQtL.jpg,https://m.media-amazon.com/images/I/71+1ut2vMeL.jpg,https://m.media-amazon.com/images/I/619OUS9pX4L.jpg,https://m.media-amazon.com/images/I/71yhTHLU8yL.jpg,https://m.media-amazon.com/images/I/71KfhnePOzL.jpg,https://m.media-amazon.com/images/I/61oSJortnUL.jpg,https://m.media-amazon.com/images/I/81q0c8BRCgL.jpg,,,
Aluminium-320,https://m.media-amazon.com/images/I/61HF3OJY0RL.jpg,https://m.media-amazon.com/images/I/715pOlaYWKL.jpg,https://m.media-amazon.com/images/I/61JtI+5IyjL.jpg,https://m.media-amazon.com/images/I/711MhJHh9JL.jpg,https://m.media-amazon.com/images/I/81q0c8BRCgL.jpg,https://m.media-amazon.com/images/I/61oSJortnUL.jpg,https://m.media-amazon.com/images/I/71dv3b-qn9L.jpg,https://m.media-amazon.com/images/I/71fZB3a5AXL.jpg,,
Aluminium-60,https://m.media-amazon.com/images/I/61fhv3qUaML.jpg,https://m.media-amazon.com/images/I/61IoFxWun1L.jpg,https://m.media-amazon.com/images/I/71+sBZKruPL.jpg,https://m.media-amazon.com/images/I/61D-5YK9NOL.jpg,https://m.media-amazon.com/images/I/71Slm-GdvHL.jpg,https://m.media-amazon.com/images/I/61k01DfRwlL.jpg,https://m.media-amazon.com/images/I/71WGo29Zw1L.jpg,https://m.media-amazon.com/images/I/81Cxk-UPucL.jpg,https://m.media-amazon.com/images/I/61TT6wf6HRL.jpg,
Aluminium-600,https://m.media-amazon.com/images/I/61DCtkXOQtL.jpg,https://m.media-amazon.com/images/I/71+1ut2vMeL.jpg,https://m.media-amazon.com/images/I/619OUS9pX4L.jpg,https://m.media-amazon.com/images/I/71yhTHLU8yL.jpg,https://m.media-amazon.com/images/I/71KfhnePOzL.jpg,https://m.media-amazon.com/images/I/61oSJortnUL.jpg,https://m.media-amazon.com/images/I/711MhJHh9JL.jpg,,,
Aluminium-80,https://m.media-amazon.com/images/I/61DCtkXOQtL.jpg,https://m.media-amazon.com/images/I/71KfhnePOzL.jpg,https://m.media-amazon.com/images/I/71+1ut2vMeL.jpg,https://m.media-amazon.com/images/I/619OUS9pX4L.jpg,https://m.media-amazon.com/images/I/71yhTHLU8yL.jpg,https://m.media-amazon.com/images/I/61oSJortnUL.jpg,https://m.media-amazon.com/images/I/81q0c8BRCgL.jpg,,,
CBNCHAINSAW163,https://m.media-amazon.com/images/I/61oLtS5GEoL.jpg,https://m.media-amazon.com/images/I/61fYtjuoGkL.jpg,https://m.media-amazon.com/images/I/71V4wgcQnjL.jpg,https://m.media-amazon.com/images/I/613zcYV+I2L.jpg,https://m.media-amazon.com/images/I/71fY+MoPeVL.jpg,https://m.media-amazon.com/images/I/61PEPS+0WhL.jpg,,,,
DC-U1AK-B5TR,https://m.media-amazon.com/images/I/71o0dLTUfSL.jpg,https://m.media-amazon.com/images/I/61jehM-2aeL.jpg,https://m.media-amazon.com/images/I/71Z1JpTYGFL.jpg,,,,,,,
DIA-FLAT-6-80,https://m.media-amazon.com/images/I/714Tc9C7FxL.jpg,https://m.media-amazon.com/images/I/71OH1DepkoL.jpg,https://m.media-amazon.com/images/I/61CTPlM5ptL.jpg,https://m.media-amazon.com/images/I/71xM0EumthL.jpg,https://m.media-amazon.com/images/I/71FRHxzHpXL.jpg,https://m.media-amazon.com/images/I/61-tVIjSy5L.jpg,https://m.media-amazon.com/images/I/71St4P4pA2L.jpg,,,
DM-2PCS-4in1-180-1000,https://m.media-amazon.com/images/I/51jy02i3QyL.jpg,https://m.media-amazon.com/images/I/61xyjrAwS0L.jpg,https://m.media-amazon.com/images/I/81J8qV6Gb2L.jpg,https://m.media-amazon.com/images/I/71xma9kbcxL.jpg,https://m.media-amazon.com/images/I/71VcqripECL.jpg,https://m.media-amazon.com/images/I/71-wsYW29mL.jpg,,,,
DM-2PCS-4in1-180-350,https://m.media-amazon.com/images/I/51jy02i3QyL.jpg,https://m.media-amazon.com/images/I/71MKHj18-uL.jpg,https://m.media-amazon.com/images/I/61xyjrAwS0L.jpg,https://m.media-amazon.com/images/I/81J8qV6Gb2L.jpg,https://m.media-amazon.com/images/I/71xma9kbcxL.jpg,https://m.media-amazon.com/images/I/71xma9kbcxL.jpg,https://m.media-amazon.com/images/I/61o6Ip5Nh3L.jpg,,,
DM-2PCS-P-120Grit,https://m.media-amazon.com/images/I/51cw6+muQOL.jpg,https://m.media-amazon.com/images/I/819thEjn2qL.jpg,https://m.media-amazon.com/images/I/71iZ2swVy9L.jpg,https://m.media-amazon.com/images/I/71LuuffstvL.jpg,https://m.media-amazon.com/images/I/61BWBfWYu9L.jpg,,,,,
DM-2PCS-P-2000Grit,https://m.media-amazon.com/images/I/51cw6+muQOL.jpg,https://m.media-amazon.com/images/I/819thEjn2qL.jpg,https://m.media-amazon.com/images/I/71iZ2swVy9L.jpg,https://m.media-amazon.com/images/I/71LuuffstvL.jpg,https://m.media-amazon.com/images/I/61BWBfWYu9L.jpg,,,,,
DM-2PCS-P-240Grit,https://m.media-amazon.com/images/I/51cw6+muQOL.jpg,https://m.media-amazon.com/images/I/819thEjn2qL.jpg,https://m.media-amazon.com/images/I/71iZ2swVy9L.jpg,https://m.media-amazon.com/images/I/71LuuffstvL.jpg,https://m.media-amazon.com/images/I/61BWBfWYu9L.jpg,,,,,
DM-2PCS-P-3000Grit,https://m.media-amazon.com/images/I/51cw6+muQOL.jpg,https://m.media-amazon.com/images/I/819thEjn2qL.jpg,https://m.media-amazon.com/images/I/71iZ2swVy9L.jpg,https://m.media-amazon.com/images/I/71LuuffstvL.jpg,https://m.media-amazon.com/images/I/61BWBfWYu9L.jpg,,,,,
DM-2PCS-P-320Grit,https://m.media-amazon.com/images/I/51cw6+muQOL.jpg,https://m.media-amazon.com/images/I/819thEjn2qL.jpg,https://m.media-amazon.com/images/I/71iZ2swVy9L.jpg,https://m.media-amazon.com/images/I/71LuuffstvL.jpg,https://m.media-amazon.com/images/I/61BWBfWYu9L.jpg,,,,,
DM-2PCS-P-600Grit,https://m.media-amazon.com/images/I/51cw6+muQOL.jpg,https://m.media-amazon.com/images/I/819thEjn2qL.jpg,https://m.media-amazon.com/images/I/71iZ2swVy9L.jpg,https://m.media-amazon.com/images/I/71LuuffstvL.jpg,https://m.media-amazon.com/images/I/61BWBfWYu9L.jpg,,,,,
DM-2PCS-P-60Grit,https://m.media-amazon.com/images/I/51cw6+muQOL.jpg,https://m.media-amazon.com/images/I/819thEjn2qL.jpg,https://m.media-amazon.com/images/I/71iZ2swVy9L.jpg,https://m.media-amazon.com/images/I/71LuuffstvL.jpg,https://m.media-amazon.com/images/I/61BWBfWYu9L.jpg,,,,,
DM-2PCS-P-80Grit,https://m.media-amazon.com/images/I/71vwcqtmCKL.jpg,https://m.media-amazon.com/images/I/819thEjn2qL.jpg,https://m.media-amazon.com/images/I/71gacX1iBYL.jpg,https://m.media-amazon.com/images/I/71iZ2swVy9L.jpg,https://m.media-amazon.com/images/I/71LuuffstvL.jpg,https://m.media-amazon.com/images/I/61BWBfWYu9L.jpg,,,,
DM-8-S-80-180,https://m.media-amazon.com/images/I/61p5aDfKnBL.jpg,https://m.media-amazon.com/images/I/715pOlaYWKL.jpg,https://m.media-amazon.com/images/I/81q0c8BRCgL.jpg,https://m.media-amazon.com/images/I/61oSJortnUL.jpg,https://m.media-amazon.com/images/I/71KfhnePOzL.jpg,https://m.media-amazon.com/images/I/71+1ut2vMeL.jpg,https://m.media-amazon.com/images/I/717bM3IJe8L.jpg,,,
DM-8INCH-125-320,https://m.media-amazon.com/images/I/41jScKwdQ3L.jpg,https://m.media-amazon.com/images/I/6126sBsQcuL.jpg,https://m.media-amazon.com/images/I/71-FWje89OL.jpg,https://m.media-amazon.com/images/I/61U-jFzJk+L.jpg,https://m.media-amazon.com/images/I/81lH95gKGuL.jpg,https://m.media-amazon.com/images/I/71Io2TPh7gL.jpg,,,,
DM-CBN-8-1000,https://m.media-amazon.com/images/I/61HF3OJY0RL.jpg,https://m.media-amazon.com/images/I/715pOlaYWKL.jpg,https://m.media-amazon.com/images/I/61JtI+5IyjL.jpg,https://m.media-amazon.com/images/I/81q0c8BRCgL.jpg,https://m.media-amazon.com/images/I/711MhJHh9JL.jpg,https://m.media-amazon.com/images/I/61oSJortnUL.jpg,https://m.media-amazon.com/images/I/71dv3b-qn9L.jpg,,,
DM-CBN-8-600,https://m.media-amazon.com/images/I/61HF3OJY0RL.jpg,https://m.media-amazon.com/images/I/715pOlaYWKL.jpg,https://m.media-amazon.com/images/I/611mEDiCczL.jpg,https://m.media-amazon.com/images/I/711MhJHh9JL.jpg,https://m.media-amazon.com/images/I/81p7IXlxZVL.jpg,https://m.media-amazon.com/images/I/61JtI+5IyjL.jpg,https://m.media-amazon.com/images/I/61hMU7JUziL.jpg,https://m.media-amazon.com/images/I/61oSJortnUL.jpg,https://m.media-amazon.com/images/I/71dv3b-qn9L.jpg,
DM-CBN-8-80,https://m.media-amazon.com/images/I/61HF3OJY0RL.jpg,https://m.media-amazon.com/images/I/715pOlaYWKL.jpg,https://m.media-amazon.com/images/I/61JtI+5IyjL.jpg,https://m.media-amazon.com/images/I/81q0c8BRCgL.jpg,https://m.media-amazon.com/images/I/711MhJHh9JL.jpg,https://m.media-amazon.com/images/I/61oSJortnUL.jpg,https://m.media-amazon.com/images/I/71dv3b-qn9L.jpg,,,
DM-CBN-8Inc-G180,https://m.media-amazon.com/images/I/61DCtkXOQtL.jpg,https://m.media-amazon.com/images/I/71+1ut2vMeL.jpg,https://m.media-amazon.com/images/I/619OUS9pX4L.jpg,https://m.media-amazon.com/images/I/717bM3IJe8L.jpg,https://m.media-amazon.com/images/I/71KfhnePOzL.jpg,https://m.media-amazon.com/images/I/61oSJortnUL.jpg,,,,
DM-CBN-8Inc-G320,https://m.media-amazon.com/images/I/61DCtkXOQtL.jpg,https://m.media-amazon.com/images/I/71+1ut2vMeL.jpg,https://m.media-amazon.com/images/I/619OUS9pX4L.jpg,https://m.media-amazon.com/images/I/717bM3IJe8L.jpg,https://m.media-amazon.com/images/I/71KfhnePOzL.jpg,https://m.media-amazon.com/images/I/61oSJortnUL.jpg,,,,
DM-CHAIN-1/8,https://m.media-amazon.com/images/I/61oLtS5GEoL.jpg,https://m.media-amazon.com/images/I/61-eVkEsKxL.jpg,https://m.media-amazon.com/images/I/71V4wgcQnjL.jpg,https://m.media-amazon.com/images/I/613zcYV+I2L.jpg,https://m.media-amazon.com/images/I/81KScZfns8L.jpg,https://m.media-amazon.com/images/I/71fY+MoPeVL.jpg,https://m.media-amazon.com/images/I/61PEPS+0WhL.jpg,,,
DM-DISC-10-SIG,https://m.media-amazon.com/images/I/714Tc9C7FxL.jpg,https://m.media-amazon.com/images/I/71xJdI2BisL.jpg,https://m.media-amazon.com/images/I/61CTPlM5ptL.jpg,https://m.media-amazon.com/images/I/71xM0EumthL.jpg,https://m.media-amazon.com/images/I/71FRHxzHpXL.jpg,https://m.media-amazon.com/images/I/61-tVIjSy5L.jpg,https://m.media-amazon.com/images/I/71St4P4pA2L.jpg,,,
DM-DISC-1HOLE-8-3000,https://m.media-amazon.com/images/I/71x3dGBgp6L.jpg,https://m.media-amazon.com/images/I/61CbFURLcyL.jpg,https://m.media-amazon.com/images/I/71IbZqF8MnL.jpg,https://m.media-amazon.com/images/I/71hJ3Y1Nb7L.jpg,https://m.media-amazon.com/images/I/61QjWIMok5L.jpg,https://m.media-amazon.com/images/I/718yBfKhImL.jpg,,,,
DM-DM-6-H-1000,https://m.media-amazon.com/images/I/714Tc9C7FxL.jpg,https://m.media-amazon.com/images/I/71OH1DepkoL.jpg,https://m.media-amazon.com/images/I/61CTPlM5ptL.jpg,https://m.media-amazon.com/images/I/71xM0EumthL.jpg,https://m.media-amazon.com/images/I/71FRHxzHpXL.jpg,https://m.media-amazon.com/images/I/61-tVIjSy5L.jpg,https://m.media-amazon.com/images/I/71St4P4pA2L.jpg,,,
DM-DM-6-H-120,https://m.media-amazon.com/images/I/714Tc9C7FxL.jpg,https://m.media-amazon.com/images/I/71OH1DepkoL.jpg,https://m.media-amazon.com/images/I/61CTPlM5ptL.jpg,https://m.media-amazon.com/images/I/71xM0EumthL.jpg,https://m.media-amazon.com/images/I/71FRHxzHpXL.jpg,https://m.media-amazon.com/images/I/61-tVIjSy5L.jpg,https://m.media-amazon.com/images/I/71St4P4pA2L.jpg,,,
DM-DM-6-H-1500,https://m.media-amazon.com/images/I/714Tc9C7FxL.jpg,https://m.media-amazon.com/images/I/71OH1DepkoL.jpg,https://m.media-amazon.com/images/I/61CTPlM5ptL.jpg,https://m.media-amazon.com/images/I/71xM0EumthL.jpg,https://m.media-amazon.com/images/I/71FRHxzHpXL.jpg,https://m.media-amazon.com/images/I/61-tVIjSy5L.jpg,https://m.media-amazon.com/images/I/71St4P4pA2L.jpg,,,
DM-DM-6-H-180,https://m.media-amazon.com/images/I/714Tc9C7FxL.jpg,https://m.media-amazon.com/images/I/71OH1DepkoL.jpg,https://m.media-amazon.com/images/I/61CTPlM5ptL.jpg,https://m.media-amazon.com/images/I/71xM0EumthL.jpg,https://m.media-amazon.com/images/I/71FRHxzHpXL.jpg,https://m.media-amazon.com/images/I/61-tVIjSy5L.jpg,https://m.media-amazon.com/images/I/71St4P4pA2L.jpg,,,
DM-DM-6-H-2000,https://m.media-amazon.com/images/I/714Tc9C7FxL.jpg,https://m.media-amazon.com/images/I/71OH1DepkoL.jpg,https://m.media-amazon.com/images/I/61CTPlM5ptL.jpg,https://m.media-amazon.com/images/I/71xM0EumthL.jpg,https://m.media-amazon.com/images/I/71FRHxzHpXL.jpg,https://m.media-amazon.com/images/I/61-tVIjSy5L.jpg,https://m.media-amazon.com/images/I/71St4P4pA2L.jpg,,,
DM-DM-6-H-240,https://m.media-amazon.com/images/I/714Tc9C7FxL.jpg,https://m.media-amazon.com/images/I/71OH1DepkoL.jpg,https://m.media-amazon.com/images/I/61CTPlM5ptL.jpg,https://m.media-amazon.com/images/I/71xM0EumthL.jpg,https://m.media-amazon.com/images/I/71FRHxzHpXL.jpg,https://m.media-amazon.com/images/I/61-tVIjSy5L.jpg,https://m.media-amazon.com/images/I/71St4P4pA2L.jpg,,,
DM-DM-6-H-3000,https://m.media-amazon.com/images/I/714Tc9C7FxL.jpg,https://m.media-amazon.com/images/I/71OH1DepkoL.jpg,https://m.media-amazon.com/images/I/61CTPlM5ptL.jpg,https://m.media-amazon.com/images/I/71xM0EumthL.jpg,https://m.media-amazon.com/images/I/71FRHxzHpXL.jpg,https://m.media-amazon.com/images/I/61-tVIjSy5L.jpg,https://m.media-amazon.com/images/I/71St4P4pA2L.jpg,,,
DM-DM-6-H-320,https://m.media-amazon.com/images/I/714Tc9C7FxL.jpg,https://m.media-amazon.com/images/I/71OH1DepkoL.jpg,https://m.media-amazon.com/images/I/61CTPlM5ptL.jpg,https://m.media-amazon.com/images/I/71xM0EumthL.jpg,https://m.media-amazon.com/images/I/71FRHxzHpXL.jpg,https://m.media-amazon.com/images/I/61-tVIjSy5L.jpg,https://m.media-amazon.com/images/I/71St4P4pA2L.jpg,,,
DM-DM-6-H-400,https://m.media-amazon.com/images/I/714Tc9C7FxL.jpg,https://m.media-amazon.com/images/I/71OH1DepkoL.jpg,https://m.media-amazon.com/images/I/61CTPlM5ptL.jpg,https://m.media-amazon.com/images/I/71xM0EumthL.jpg,https://m.media-amazon.com/images/I/71FRHxzHpXL.jpg,https://m.media-amazon.com/images/I/61-tVIjSy5L.jpg,https://m.media-amazon.com/images/I/71St4P4pA2L.jpg,,,
DM-DM-6-H-500,https://m.media-amazon.com/images/I/714Tc9C7FxL.jpg,https://m.media-amazon.com/images/I/71OH1DepkoL.jpg,https://m.media-amazon.com/images/I/61CTPlM5ptL.jpg,https://m.media-amazon.com/images/I/71xM0EumthL.jpg,https://m.media-amazon.com/images/I/71FRHxzHpXL.jpg,https://m.media-amazon.com/images/I/61-tVIjSy5L.jpg,https://m.media-amazon.com/images/I/71St4P4pA2L.jpg,,,
DM-DM-6-H-60,https://m.media-amazon.com/images/I/714Tc9C7FxL.jpg,https://m.media-amazon.com/images/I/71OH1DepkoL.jpg,https://m.media-amazon.com/images/I/61CTPlM5ptL.jpg,https://m.media-amazon.com/images/I/71xM0EumthL.jpg,https://m.media-amazon.com/images/I/71FRHxzHpXL.jpg,https://m.media-amazon.com/images/I/61-tVIjSy5L.jpg,https://m.media-amazon.com/images/I/71St4P4pA2L.jpg,,,
DM-DM-6-H-600,https://m.media-amazon.com/images/I/714Tc9C7FxL.jpg,https://m.media-amazon.com/images/I/71OH1DepkoL.jpg,https://m.media-amazon.com/images/I/61CTPlM5ptL.jpg,https://m.media-amazon.com/images/I/71xM0EumthL.jpg,https://m.media-amazon.com/images/I/71FRHxzHpXL.jpg,https://m.media-amazon.com/images/I/61-tVIjSy5L.jpg,https://m.media-amazon.com/images/I/71St4P4pA2L.jpg,,,
DM-DM-6-H-800,https://m.media-amazon.com/images/I/714Tc9C7FxL.jpg,https://m.media-amazon.com/images/I/71OH1DepkoL.jpg,https://m.media-amazon.com/images/I/61CTPlM5ptL.jpg,https://m.media-amazon.com/images/I/71xM0EumthL.jpg,https://m.media-amazon.com/images/I/71FRHxzHpXL.jpg,https://m.media-amazon.com/images/I/61-tVIjSy5L.jpg,https://m.media-amazon.com/images/I/71St4P4pA2L.jpg,,,
DM-FLAT-1000,https://m.media-amazon.com/images/I/91WpYx+y53L.jpg,https://m.media-amazon.com/images/I/819thEjn2qL.jpg,https://m.media-amazon.com/images/I/71gacX1iBYL.jpg,https://m.media-amazon.com/images/I/71LuuffstvL.jpg,https://m.media-amazon.com/images/I/61BWBfWYu9L.jpg,https://m.media-amazon.com/images/I/61ZzZvIqPxL.jpg,https://m.media-amazon.com/images/I/718xjXmJf1L.jpg,https://m.media-amazon.com/images/I/81H87AC6PzL.jpg,,
DM-FLAT-120,https://m.media-amazon.com/images/I/71iZ2swVy9L.jpg,https://m.media-amazon.com/images/I/819thEjn2qL.jpg,https://m.media-amazon.com/images/I/71gacX1iBYL.jpg,https://m.media-amazon.com/images/I/71LuuffstvL.jpg,https://m.media-amazon.com/images/I/61BWBfWYu9L.jpg,https://m.media-amazon.com/images/I/61ZzZvIqPxL.jpg,https://m.media-amazon.com/images/I/718xjXmJf1L.jpg,https://m.media-amazon.com/images/I/81H87AC6PzL.jpg,,
DM-FLAT-1500,https://m.media-amazon.com/images/I/71iZ2swVy9L.jpg,https://m.media-amazon.com/images/I/819thEjn2qL.jpg,https://m.media-amazon.com/images/I/71gacX1iBYL.jpg,https://m.media-amazon.com/images/I/71LuuffstvL.jpg,https://m.media-amazon.com/images/I/61BWBfWYu9L.jpg,https://m.media-amazon.com/images/I/61ZzZvIqPxL.jpg,https://m.media-amazon.com/images/I/718xjXmJf1L.jpg,https://m.media-amazon.com/images/I/81H87AC6PzL.jpg,,
DM-FLAT-180,https://m.media-amazon.com/images/I/71iZ2swVy9L.jpg,https://m.media-amazon.com/images/I/819thEjn2qL.jpg,https://m.media-amazon.com/images/I/71gacX1iBYL.jpg,https://m.media-amazon.com/images/I/71LuuffstvL.jpg,https://m.media-amazon.com/images/I/61BWBfWYu9L.jpg,https://m.media-amazon.com/images/I/61ZzZvIqPxL.jpg,https://m.media-amazon.com/images/I/718xjXmJf1L.jpg,https://m.media-amazon.com/images/I/81H87AC6PzL.jpg,,
DM-FLAT-2000,https://m.media-amazon.com/images/I/71iZ2swVy9L.jpg,https://m.media-amazon.com/images/I/819thEjn2qL.jpg,https://m.media-amazon.com/images/I/71gacX1iBYL.jpg,https://m.media-amazon.com/images/I/71LuuffstvL.jpg,https://m.media-amazon.com/images/I/61BWBfWYu9L.jpg,https://m.media-amazon.com/images/I/61ZzZvIqPxL.jpg,https://m.media-amazon.com/images/I/718xjXmJf1L.jpg,https://m.media-amazon.com/images/I/81H87AC6PzL.jpg,,
DM-FLAT-240,https://m.media-amazon.com/images/I/71iZ2swVy9L.jpg,https://m.media-amazon.com/images/I/819thEjn2qL.jpg,https://m.media-amazon.com/images/I/71gacX1iBYL.jpg,https://m.media-amazon.com/images/I/71LuuffstvL.jpg,https://m.media-amazon.com/images/I/61BWBfWYu9L.jpg,https://m.media-amazon.com/images/I/61ZzZvIqPxL.jpg,https://m.media-amazon.com/images/I/718xjXmJf1L.jpg,https://m.media-amazon.com/images/I/81H87AC6PzL.jpg,,
DM-FLAT-3000,https://m.media-amazon.com/images/I/71iZ2swVy9L.jpg,https://m.media-amazon.com/images/I/819thEjn2qL.jpg,https://m.media-amazon.com/images/I/819thEjn2qL.jpg,https://m.media-amazon.com/images/I/71gacX1iBYL.jpg,https://m.media-amazon.com/images/I/71LuuffstvL.jpg,https://m.media-amazon.com/images/I/61BWBfWYu9L.jpg,https://m.media-amazon.com/images/I/61ZzZvIqPxL.jpg,https://m.media-amazon.com/images/I/718xjXmJf1L.jpg,https://m.media-amazon.com/images/I/81H87AC6PzL.jpg,
DM-FLAT-320,https://m.media-amazon.com/images/I/71iZ2swVy9L.jpg,https://m.media-amazon.com/images/I/819thEjn2qL.jpg,https://m.media-amazon.com/images/I/71gacX1iBYL.jpg,https://m.media-amazon.com/images/I/71LuuffstvL.jpg,https://m.media-amazon.com/images/I/61BWBfWYu9L.jpg,https://m.media-amazon.com/images/I/61ZzZvIqPxL.jpg,https://m.media-amazon.com/images/I/718xjXmJf1L.jpg,https://m.media-amazon.com/images/I/81H87AC6PzL.jpg,https://m.media-amazon.com/images/I/714J4bGjl5L.jpg,
DM-FLAT-400,https://m.media-amazon.com/images/I/71iZ2swVy9L.jpg,https://m.media-amazon.com/images/I/71NLjMkRXxL.jpg,https://m.media-amazon.com/images/I/71gacX1iBYL.jpg,https://m.media-amazon.com/images/I/71LuuffstvL.jpg,https://m.media-amazon.com/images/I/714J4bGjl5L.jpg,https://m.media-amazon.com/images/I/718xjXmJf1L.jpg,https://m.media-amazon.com/images/I/61BWBfWYu9L.jpg,,,
DM-FLAT-500,https://m.media-amazon.com/images/I/71iZ2swVy9L.jpg,https://m.media-amazon.com/images/I/71gacX1iBYL.jpg,https://m.media-amazon.com/images/I/819thEjn2qL.jpg,https://m.media-amazon.com/images/I/71LuuffstvL.jpg,https://m.media-amazon.com/images/I/61BWBfWYu9L.jpg,https://m.media-amazon.com/images/I/718xjXmJf1L.jpg,https://m.media-amazon.com/images/I/81H87AC6PzL.jpg,,,
DM-FLAT-60,https://m.media-amazon.com/images/I/71iZ2swVy9L.jpg,https://m.media-amazon.com/images/I/714J4bGjl5L.jpg,https://m.media-amazon.com/images/I/71gacX1iBYL.jpg,https://m.media-amazon.com/images/I/71LuuffstvL.jpg,https://m.media-amazon.com/images/I/61BWBfWYu9L.jpg,https://m.media-amazon.com/images/I/61ZzZvIqPxL.jpg,https://m.media-amazon.com/images/I/718xjXmJf1L.jpg,https://m.media-amazon.com/images/I/81H87AC6PzL.jpg,,
DM-FLAT-600,https://m.media-amazon.com/images/I/71iZ2swVy9L.jpg,https://m.media-amazon.com/images/I/819thEjn2qL.jpg,https://m.media-amazon.com/images/I/71gacX1iBYL.jpg,https://m.media-amazon.com/images/I/71LuuffstvL.jpg,https://m.media-amazon.com/images/I/61BWBfWYu9L.jpg,https://m.media-amazon.com/images/I/61ZzZvIqPxL.jpg,https://m.media-amazon.com/images/I/718xjXmJf1L.jpg,https://m.media-amazon.com/images/I/81H87AC6PzL.jpg,,
DM-FLAT-80,https://m.media-amazon.com/images/I/71iZ2swVy9L.jpg,https://m.media-amazon.com/images/I/714J4bGjl5L.jpg,https://m.media-amazon.com/images/I/71gacX1iBYL.jpg,https://m.media-amazon.com/images/I/71LuuffstvL.jpg,https://m.media-amazon.com/images/I/61BWBfWYu9L.jpg,https://m.media-amazon.com/images/I/81H87AC6PzL.jpg,https://m.media-amazon.com/images/I/71DmazCZ4eL.jpg,,,
DM-FLAT-800,https://m.media-amazon.com/images/I/71iZ2swVy9L.jpg,https://m.media-amazon.com/images/I/819thEjn2qL.jpg,https://m.media-amazon.com/images/I/71gacX1iBYL.jpg,https://m.media-amazon.com/images/I/71LuuffstvL.jpg,https://m.media-amazon.com/images/I/61BWBfWYu9L.jpg,https://m.media-amazon.com/images/I/61ZzZvIqPxL.jpg,https://m.media-amazon.com/images/I/718xjXmJf1L.jpg,https://m.media-amazon.com/images/I/81H87AC6PzL.jpg,,
DM-FLAT-GRINDING-DISC,https://m.media-amazon.com/images/I/91WpYx+y53L.jpg,https://m.media-amazon.com/images/I/91TgSk-K8xL.jpg,,,,,,,,
DM-HH-10-DISC-3000,https://m.media-amazon.com/images/I/714Tc9C7FxL.jpg,https://m.media-amazon.com/images/I/71xJdI2BisL.jpg,https://m.media-amazon.com/images/I/61CTPlM5ptL.jpg,https://m.media-amazon.com/images/I/71xM0EumthL.jpg,https://m.media-amazon.com/images/I/71FRHxzHpXL.jpg,https://m.media-amazon.com/images/I/61-tVIjSy5L.jpg,https://m.media-amazon.com/images/I/71St4P4pA2L.jpg,,,
DM-M6-CBN-1000,https://m.media-amazon.com/images/I/61HF3OJY0RL.jpg,https://m.media-amazon.com/images/I/71QO+GFswJL.jpg,https://m.media-amazon.com/images/I/81q0c8BRCgL.jpg,https://m.media-amazon.com/images/I/61rFvEYYfpL.jpg,https://m.media-amazon.com/images/I/61o6Ip5Nh3L.jpg,https://m.media-amazon.com/images/I/61oSJortnUL.jpg,https://m.media-amazon.com/images/I/71dv3b-qn9L.jpg,,,
DM-M6-CBN-600,https://m.media-amazon.com/images/I/61HF3OJY0RL.jpg,https://m.media-amazon.com/images/I/71QO+GFswJL.jpg,https://m.media-amazon.com/images/I/81q0c8BRCgL.jpg,https://m.media-amazon.com/images/I/61JtI+5IyjL.jpg,https://m.media-amazon.com/images/I/712gdQzfZOL.jpg,https://m.media-amazon.com/images/I/61oSJortnUL.jpg,https://m.media-amazon.com/images/I/71dv3b-qn9L.jpg,,,
DM-M6-CBN-80,https://m.media-amazon.com/images/I/61HF3OJY0RL.jpg,https://m.media-amazon.com/images/I/71QO+GFswJL.jpg,https://m.media-amazon.com/images/I/81q0c8BRCgL.jpg,https://m.media-amazon.com/images/I/61JtI+5IyjL.jpg,https://m.media-amazon.com/images/I/712gdQzfZOL.jpg,https://m.media-amazon.com/images/I/61oSJortnUL.jpg,https://m.media-amazon.com/images/I/71dv3b-qn9L.jpg,,,
DM-M6-CBN-G180,https://m.media-amazon.com/images/I/61HF3OJY0RL.jpg,https://m.media-amazon.com/images/I/714H53S9oaL.jpg,https://m.media-amazon.com/images/I/71+1ut2vMeL.jpg,https://m.media-amazon.com/images/I/717bM3IJe8L.jpg,https://m.media-amazon.com/images/I/619OUS9pX4L.jpg,https://m.media-amazon.com/images/I/61oSJortnUL.jpg,,,,
DM-M6-CBN-G320,https://m.media-amazon.com/images/I/61DCtkXOQtL.jpg,https://m.media-amazon.com/images/I/71+1ut2vMeL.jpg,https://m.media-amazon.com/images/I/619OUS9pX4L.jpg,https://m.media-amazon.com/images/I/717bM3IJe8L.jpg,https://m.media-amazon.com/images/I/714H53S9oaL.jpg,https://m.media-amazon.com/images/I/61oSJortnUL.jpg,,,,
DM-M6-CBN-P,https://m.media-amazon.com/images/I/71-NoKnFEDL.jpg,https://m.media-amazon.com/images/I/712Oap85KpL.jpg,https://m.media-amazon.com/images/I/61QSdaxdS2L.jpg,https://m.media-amazon.com/images/I/71uN09UGnOL.jpg,https://m.media-amazon.com/images/I/71fZB3a5AXL.jpg,,,,,
DM-MEGA-8-SQU-1000,https://m.media-amazon.com/images/I/41PyL6sFe4L.jpg,https://m.media-amazon.com/images/I/51uaTN1pAOL.jpg,https://m.media-amazon.com/images/I/21VCSmjznwL.jpg,https://m.media-amazon.com/images/I/61KwejPN00L.jpg,https://m.media-amazon.com/images/I/51hFqGdN3IL.jpg,,,,,
DM-MEGA-8-SQU-180,https://m.media-amazon.com/images/I/41PyL6sFe4L.jpg,https://m.media-amazon.com/images/I/51uaTN1pAOL.jpg,https://m.media-amazon.com/images/I/21VCSmjznwL.jpg,https://m.media-amazon.com/images/I/81q0c8BRCgL.jpg,https://m.media-amazon.com/images/I/61KwejPN00L.jpg,https://m.media-amazon.com/images/I/51hFqGdN3IL.jpg,,,,
DM-MEGA-8-SQU-350,https://m.media-amazon.com/images/I/41PyL6sFe4L.jpg,https://m.media-amazon.com/images/I/51uaTN1pAOL.jpg,https://m.media-amazon.com/images/I/21VCSmjznwL.jpg,https://m.media-amazon.com/images/I/61KwejPN00L.jpg,https://m.media-amazon.com/images/I/51hFqGdN3IL.jpg,,,,,
DM-MEGA-8-SQU-600,https://m.media-amazon.com/images/I/41PyL6sFe4L.jpg,https://m.media-amazon.com/images/I/51uaTN1pAOL.jpg,https://m.media-amazon.com/images/I/21VCSmjznwL.jpg,https://m.media-amazon.com/images/I/81q0c8BRCgL.jpg,https://m.media-amazon.com/images/I/61KwejPN00L.jpg,https://m.media-amazon.com/images/I/51hFqGdN3IL.jpg,,,,
DM-MEGA-8-SQU-80,https://m.media-amazon.com/images/I/41PyL6sFe4L.jpg,https://m.media-amazon.com/images/I/51uaTN1pAOL.jpg,https://m.media-amazon.com/images/I/21VCSmjznwL.jpg,https://m.media-amazon.com/images/I/61KwejPN00L.jpg,https://m.media-amazon.com/images/I/51hFqGdN3IL.jpg,,,,,
DM-MIX-6-STEEL-180-600,https://m.media-amazon.com/images/I/61fuGvOP6-L.jpg,https://m.media-amazon.com/images/I/61HF3OJY0RL.jpg,https://m.media-amazon.com/images/I/714H53S9oaL.jpg,https://m.media-amazon.com/images/I/61oSJortnUL.jpg,https://m.media-amazon.com/images/I/81q0c8BRCgL.jpg,https://m.media-amazon.com/images/I/712gdQzfZOL.jpg,https://m.media-amazon.com/images/I/71+1ut2vMeL.jpg,,,
DM-MIX-ALUMINA-180-600,https://m.media-amazon.com/images/I/61fuGvOP6-L.jpg,https://m.media-amazon.com/images/I/61HF3OJY0RL.jpg,https://m.media-amazon.com/images/I/715pOlaYWKL.jpg,https://m.media-amazon.com/images/I/81q0c8BRCgL.jpg,https://m.media-amazon.com/images/I/61oSJortnUL.jpg,https://m.media-amazon.com/images/I/71yhTHLU8yL.jpg,https://m.media-amazon.com/images/I/61JtI+5IyjL.jpg,,,
DM-P6-CBN-1000,https://m.media-amazon.com/images/I/71esOXMp9cL.jpg,https://m.media-amazon.com/images/I/61K0nnuH2qL.jpg,https://m.media-amazon.com/images/I/71VcqripECL.jpg,https://m.media-amazon.com/images/I/61ft9zXYTML.jpg,https://m.media-amazon.com/images/I/61oxlqgSgoL.jpg,https://m.media-amazon.com/images/I/61JtI+5IyjL.jpg,https://m.media-amazon.com/images/I/712gdQzfZOL.jpg,,,
DM-P6-CBN-150,https://m.media-amazon.com/images/I/71esOXMp9cL.jpg,https://m.media-amazon.com/images/I/71VcqripECL.jpg,https://m.media-amazon.com/images/I/61K0nnuH2qL.jpg,https://m.media-amazon.com/images/I/61oxlqgSgoL.jpg,https://m.media-amazon.com/images/I/61JtI+5IyjL.jpg,https://m.media-amazon.com/images/I/712gdQzfZOL.jpg,https://m.media-amazon.com/images/I/61ft9zXYTML.jpg,,,
DM-P6-CBN-600,https://m.media-amazon.com/images/I/71esOXMp9cL.jpg,https://m.media-amazon.com/images/I/61K0nnuH2qL.jpg,https://m.media-amazon.com/images/I/61oxlqgSgoL.jpg,https://m.media-amazon.com/images/I/71VcqripECL.jpg,https://m.media-amazon.com/images/I/61ft9zXYTML.jpg,https://m.media-amazon.com/images/I/712gdQzfZOL.jpg,https://m.media-amazon.com/images/I/61JtI+5IyjL.jpg,,,
DM-P6-CBN-800,https://m.media-amazon.com/images/I/71FM+ezwSXL.jpg,https://m.media-amazon.com/images/I/716F0E+pkGL.jpg,https://m.media-amazon.com/images/I/61T+FpB4H8L.jpg,https://m.media-amazon.com/images/I/61dRyZ-P5YL.jpg,https://m.media-amazon.com/images/I/614FbZpL21L.jpg,https://m.media-amazon.com/images/I/61kRC1TjUeL.jpg,https://m.media-amazon.com/images/I/61vXWcZqIzL.jpg,,,
DM-P6-CBN-G320,https://m.media-amazon.com/images/I/81GTQtPAiNL.jpg,https://m.media-amazon.com/images/I/71MB5Yaqq8L.jpg,https://m.media-amazon.com/images/I/71QV9voZjiL.jpg,https://m.media-amazon.com/images/I/71CSvg4ZSIL.jpg,https://m.media-amazon.com/images/I/71uN09UGnOL.jpg,https://m.media-amazon.com/images/I/51nNYQ8VCHL.jpg,,,,
DM-P6-CBN-G80,https://m.media-amazon.com/images/I/81GTQtPAiNL.jpg,https://m.media-amazon.com/images/I/71MB5Yaqq8L.jpg,https://m.media-amazon.com/images/I/71QV9voZjiL.jpg,https://m.media-amazon.com/images/I/51nNYQ8VCHL.jpg,https://m.media-amazon.com/images/I/71CSvg4ZSIL.jpg,https://m.media-amazon.com/images/I/71uN09UGnOL.jpg,,,,
DM-P6-CBN-P,https://m.media-amazon.com/images/I/71QV9voZjiL.jpg,https://m.media-amazon.com/images/I/71MB5Yaqq8L.jpg,,,,,,,,
DM-S-8-180-600,https://m.media-amazon.com/images/I/61p5aDfKnBL.jpg,https://m.media-amazon.com/images/I/71KfhnePOzL.jpg,https://m.media-amazon.com/images/I/71+1ut2vMeL.jpg,https://m.media-amazon.com/images/I/81p7IXlxZVL.jpg,https://m.media-amazon.com/images/I/711MhJHh9JL.jpg,,,,,
DM-TMK-10-200,https://m.media-amazon.com/images/I/61ZNLpm4A7L.jpg,https://m.media-amazon.com/images/I/61cZSAdxIlL.jpg,https://m.media-amazon.com/images/I/71OoiBAuRGL.jpg,https://m.media-amazon.com/images/I/71mPRthOhHL.jpg,https://m.media-amazon.com/images/I/71SUMyhKC8L.jpg,,,,,
DM-TMK-8-1000,https://m.media-amazon.com/images/I/6185+thTIzL.jpg,https://m.media-amazon.com/images/I/417ZIaBiNjL.jpg,https://m.media-amazon.com/images/I/617PEHLGohL.jpg,https://m.media-amazon.com/images/I/71J9+NtQrRL.jpg,https://m.media-amazon.com/images/I/71VcqripECL.jpg,https://m.media-amazon.com/images/I/61g+ADJNT0L.jpg,,,,
DM-TMK-8-1200,https://m.media-amazon.com/images/I/41PyL6sFe4L.jpg,https://m.media-amazon.com/images/I/513uH5-gVXL.jpg,https://m.media-amazon.com/images/I/617PEHLGohL.jpg,https://m.media-amazon.com/images/I/71J9+NtQrRL.jpg,https://m.media-amazon.com/images/I/71VcqripECL.jpg,https://m.media-amazon.com/images/I/61g+ADJNT0L.jpg,,,,
DM-TMK-8-200,https://m.media-amazon.com/images/I/41PyL6sFe4L.jpg,https://m.media-amazon.com/images/I/513uH5-gVXL.jpg,https://m.media-amazon.com/images/I/617PEHLGohL.jpg,,,,,,,
DM-TMK-8-400,https://m.media-amazon.com/images/I/41PyL6sFe4L.jpg,https://m.media-amazon.com/images/I/513uH5-gVXL.jpg,https://m.media-amazon.com/images/I/617PEHLGohL.jpg,,,,,,,
DM-TMK-8-600,https://m.media-amazon.com/images/I/41PyL6sFe4L.jpg,https://m.media-amazon.com/images/I/513uH5-gVXL.jpg,https://m.media-amazon.com/images/I/617PEHLGohL.jpg,https://m.media-amazon.com/images/I/71J9+NtQrRL.jpg,https://m.media-amazon.com/images/I/71VcqripECL.jpg,https://m.media-amazon.com/images/I/61g+ADJNT0L.jpg,,,,
DM-TMK-8-800,https://m.media-amazon.com/images/I/41PyL6sFe4L.jpg,https://m.media-amazon.com/images/I/513uH5-gVXL.jpg,https://m.media-amazon.com/images/I/617PEHLGohL.jpg,,,,,,,
DM-TMKNEW-600,https://m.media-amazon.com/images/I/61Ji7D5VlRL.jpg,https://m.media-amazon.com/images/I/61ovgjAcZcL.jpg,https://m.media-amazon.com/images/I/71IgLJbbQCL.jpg,https://m.media-amazon.com/images/I/71uX0SdARGL.jpg,https://m.media-amazon.com/images/I/71yutW81kDL.jpg,,,,,
DM8125-600,https://m.media-amazon.com/images/I/41jScKwdQ3L.jpg,https://m.media-amazon.com/images/I/6126sBsQcuL.jpg,https://m.media-amazon.com/images/I/81lH95gKGuL.jpg,https://m.media-amazon.com/images/I/71Io2TPh7gL.jpg,https://m.media-amazon.com/images/I/716F0E+pkGL.jpg,https://m.media-amazon.com/images/I/71-FWje89OL.jpg,https://m.media-amazon.com/images/I/61U-jFzJk+L.jpg,,,
DMS-TMKA-200,https://m.media-amazon.com/images/I/6162yKRt7QL.jpg,https://m.media-amazon.com/images/I/61StHd511fL.jpg,https://m.media-amazon.com/images/I/71pRTJ3iI0L.jpg,https://m.media-amazon.com/images/I/61g6Hn+deAL.jpg,https://m.media-amazon.com/images/I/71a+qPdtXrL.jpg,https://m.media-amazon.com/images/I/61hH9WDGCkL.jpg,https://m.media-amazon.com/images/I/61wMN6aVNcL.jpg,,,
DMSPHD-TMK-NEW-400,https://m.media-amazon.com/images/I/61Ji7D5VlRL.jpg,https://m.media-amazon.com/images/I/61ovgjAcZcL.jpg,https://m.media-amazon.com/images/I/71IgLJbbQCL.jpg,https://m.media-amazon.com/images/I/71uX0SdARGL.jpg,https://m.media-amazon.com/images/I/71yutW81kDL.jpg,,,,,
EJ-DIDV-LGHE,https://m.media-amazon.com/images/I/71o0dLTUfSL.jpg,https://m.media-amazon.com/images/I/61jehM-2aeL.jpg,https://m.media-amazon.com/images/I/71Z1JpTYGFL.jpg,,,,,,,
HL-G7BH-IJB0,https://m.media-amazon.com/images/I/71o0dLTUfSL.jpg,https://m.media-amazon.com/images/I/61jehM-2aeL.jpg,https://m.media-amazon.com/images/I/71Z1JpTYGFL.jpg,,,,,,,
J3-4MZ2-U512,https://m.media-amazon.com/images/I/71EWMzHu5sL.jpg,https://m.media-amazon.com/images/I/610IFF6S7fL.jpg,,,,,,,,
JC-KF0S-QB6A,https://m.media-amazon.com/images/I/61HF3OJY0RL.jpg,https://m.media-amazon.com/images/I/81q0c8BRCgL.jpg,https://m.media-amazon.com/images/I/71O+uHM6npL.jpg,https://m.media-amazon.com/images/I/61o6Ip5Nh3L.jpg,,,,,,
JK-0BQO-4TA4,https://m.media-amazon.com/images/I/71EWMzHu5sL.jpg,https://m.media-amazon.com/images/I/61RpI7IEqeL.jpg,https://m.media-amazon.com/images/I/610IFF6S7fL.jpg,,,,,,,
KK-MW8J-EEEX,https://m.media-amazon.com/images/I/71bYh656pJL.jpg,https://m.media-amazon.com/images/I/71UxP86VMFL.jpg,https://m.media-amazon.com/images/I/619sLxFo9TL.jpg,https://m.media-amazon.com/images/I/71gacX1iBYL.jpg,https://m.media-amazon.com/images/I/71LuuffstvL.jpg,https://m.media-amazon.com/images/I/61BWBfWYu9L.jpg,https://m.media-amazon.com/images/I/718xjXmJf1L.jpg,,,
MF-MU0E-UFBV,https://m.media-amazon.com/images/I/71x3dGBgp6L.jpg,https://m.media-amazon.com/images/I/61CbFURLcyL.jpg,https://m.media-amazon.com/images/I/71IbZqF8MnL.jpg,https://m.media-amazon.com/images/I/71hJ3Y1Nb7L.jpg,https://m.media-amazon.com/images/I/61QjWIMok5L.jpg,https://m.media-amazon.com/images/I/718yBfKhImL.jpg,,,,
N7-2VLQ-SB8X,https://m.media-amazon.com/images/I/71o0dLTUfSL.jpg,https://m.media-amazon.com/images/I/61jehM-2aeL.jpg,https://m.media-amazon.com/images/I/71Z1JpTYGFL.jpg,,,,,,,
NL-Q942-HDWM,https://m.media-amazon.com/images/I/71o0dLTUfSL.jpg,https://m.media-amazon.com/images/I/61jehM-2aeL.jpg,https://m.media-amazon.com/images/I/71Z1JpTYGFL.jpg,,,,,,,
P-8-Four-One-350,https://m.media-amazon.com/images/I/41jScKwdQ3L.jpg,https://m.media-amazon.com/images/I/6126sBsQcuL.jpg,https://m.media-amazon.com/images/I/81lH95gKGuL.jpg,https://m.media-amazon.com/images/I/71Io2TPh7gL.jpg,https://m.media-amazon.com/images/I/716F0E+pkGL.jpg,https://m.media-amazon.com/images/I/71-FWje89OL.jpg,https://m.media-amazon.com/images/I/61U-jFzJk+L.jpg,,,
P-Four-600,https://m.media-amazon.com/images/I/415pry5pEKL.jpg,https://m.media-amazon.com/images/I/61xyjrAwS0L.jpg,https://m.media-amazon.com/images/I/71-wsYW29mL.jpg,https://m.media-amazon.com/images/I/61o6Ip5Nh3L.jpg,https://m.media-amazon.com/images/I/81J8qV6Gb2L.jpg,https://m.media-amazon.com/images/I/71xma9kbcxL.jpg,,,,
P-Four-80,https://m.media-amazon.com/images/I/415pry5pEKL.jpg,https://m.media-amazon.com/images/I/41Zt8imP+nL.jpg,https://m.media-amazon.com/images/I/71-wsYW29mL.jpg,https://m.media-amazon.com/images/I/81J8qV6Gb2L.jpg,https://m.media-amazon.com/images/I/41pzDvHAaDL.jpg,,,,,
P-Four-One,https://m.media-amazon.com/images/I/41YrQh03MKL.jpg,https://m.media-amazon.com/images/I/51l7aXpyJkL.jpg,https://m.media-amazon.com/images/I/41jL2ADwtdL.jpg,https://m.media-amazon.com/images/I/61UW6CFy12L.jpg,,,,,,
P-Four-One-1000,https://m.media-amazon.com/images/I/415pry5pEKL.jpg,https://m.media-amazon.com/images/I/61xyjrAwS0L.jpg,https://m.media-amazon.com/images/I/41jL2ADwtdL.jpg,https://m.media-amazon.com/images/I/61o6Ip5Nh3L.jpg,https://m.media-amazon.com/images/I/81J8qV6Gb2L.jpg,https://m.media-amazon.com/images/I/71-wsYW29mL.jpg,https://m.media-amazon.com/images/I/71xma9kbcxL.jpg,https://m.media-amazon.com/images/I/41YrQh03MKL.jpg,,
P-Four-One-180,https://m.media-amazon.com/images/I/415pry5pEKL.jpg,https://m.media-amazon.com/images/I/61xyjrAwS0L.jpg,https://m.media-amazon.com/images/I/81J8qV6Gb2L.jpg,https://m.media-amazon.com/images/I/71xma9kbcxL.jpg,https://m.media-amazon.com/images/I/71VcqripECL.jpg,https://m.media-amazon.com/images/I/71-wsYW29mL.jpg,https://m.media-amazon.com/images/I/61o6Ip5Nh3L.jpg,https://m.media-amazon.com/images/I/41YrQh03MKL.jpg,,
P-Four-One-350,https://m.media-amazon.com/images/I/415pry5pEKL.jpg,https://m.media-amazon.com/images/I/61xyjrAwS0L.jpg,https://m.media-amazon.com/images/I/41jL2ADwtdL.jpg,https://m.media-amazon.com/images/I/71-wsYW29mL.jpg,https://m.media-amazon.com/images/I/61o6Ip5Nh3L.jpg,https://m.media-amazon.com/images/I/81J8qV6Gb2L.jpg,https://m.media-amazon.com/images/I/71xma9kbcxL.jpg,https://m.media-amazon.com/images/I/41YrQh03MKL.jpg,,
PI-CA80-8AZI,https://m.media-amazon.com/images/I/61omJDVrxmL.jpg,https://m.media-amazon.com/images/I/71S5g+Uwz6L.jpg,https://m.media-amazon.com/images/I/61esGLBjBcL.jpg,https://m.media-amazon.com/images/I/6178-TovxzL.jpg,https://m.media-amazon.com/images/I/71iAUG41pqL.jpg,,,,,
Q5-981O-PLBO,https://m.media-amazon.com/images/I/71o0dLTUfSL.jpg,https://m.media-amazon.com/images/I/61jehM-2aeL.jpg,https://m.media-amazon.com/images/I/71Z1JpTYGFL.jpg,,,,,,,
QW-K0E6-7VF4,https://m.media-amazon.com/images/I/71o0dLTUfSL.jpg,https://m.media-amazon.com/images/I/61jehM-2aeL.jpg,https://m.media-amazon.com/images/I/71Z1JpTYGFL.jpg,,,,,,,
R7-KNCN-NKVI,https://m.media-amazon.com/images/I/71o0dLTUfSL.jpg,https://m.media-amazon.com/images/I/61jehM-2aeL.jpg,https://m.media-amazon.com/images/I/71Z1JpTYGFL.jpg,,,,,,,
SP-EAK287B6A8A6E3QG,https://m.media-amazon.com/images/I/61YJLghYjdL.jpg,https://m.media-amazon.com/images/I/71LuuffstvL.jpg,https://m.media-amazon.com/images/I/61BWBfWYu9L.jpg,,,,,,,
Spartan-10-1000,https://m.media-amazon.com/images/I/61ZmS508ieL.jpg,https://m.media-amazon.com/images/I/71J9+NtQrRL.jpg,https://m.media-amazon.com/images/I/71xZ98Vk8-L.jpg,https://m.media-amazon.com/images/I/81ZvwidAAeL.jpg,,,,,,
Spartan-10-200,https://m.media-amazon.com/images/I/61HivjvSDFL.jpg,https://m.media-amazon.com/images/I/61Mo5Eqb5BL.jpg,https://m.media-amazon.com/images/I/71xZ98Vk8-L.jpg,https://m.media-amazon.com/images/I/71J9+NtQrRL.jpg,https://m.media-amazon.com/images/I/71g-fQTeN+L.jpg,,,,,
Spartan-10-400,https://m.media-amazon.com/images/I/61HivjvSDFL.jpg,https://m.media-amazon.com/images/I/61Mo5Eqb5BL.jpg,https://m.media-amazon.com/images/I/71xZ98Vk8-L.jpg,https://m.media-amazon.com/images/I/71g-fQTeN+L.jpg,https://m.media-amazon.com/images/I/71J9+NtQrRL.jpg,https://m.media-amazon.com/images/I/71VcqripECL.jpg,,,,
Spartan-10-600,https://m.media-amazon.com/images/I/61HivjvSDFL.jpg,https://m.media-amazon.com/images/I/61Mo5Eqb5BL.jpg,https://m.media-amazon.com/images/I/71g-fQTeN+L.jpg,https://m.media-amazon.com/images/I/71J9+NtQrRL.jpg,https://m.media-amazon.com/images/I/61oSJortnUL.jpg,,,,,
Spartan-10-80,https://m.media-amazon.com/images/I/61HivjvSDFL.jpg,https://m.media-amazon.com/images/I/61Mo5Eqb5BL.jpg,https://m.media-amazon.com/images/I/71g-fQTeN+L.jpg,https://m.media-amazon.com/images/I/71xZ98Vk8-L.jpg,https://m.media-amazon.com/images/I/71J9+NtQrRL.jpg,,,,,
Spartan-10-800,https://m.media-amazon.com/images/I/61HivjvSDFL.jpg,https://m.media-amazon.com/images/I/61Mo5Eqb5BL.jpg,https://m.media-amazon.com/images/I/71xZ98Vk8-L.jpg,https://m.media-amazon.com/images/I/71g-fQTeN+L.jpg,,,,,,
TMK-10-1000,https://m.media-amazon.com/images/I/61HivjvSDFL.jpg,https://m.media-amazon.com/images/I/61Mo5Eqb5BL.jpg,https://m.media-amazon.com/images/I/71g-fQTeN+L.jpg,https://m.media-amazon.com/images/I/41HTafL5XTL.jpg,https://m.media-amazon.com/images/I/71VcqripECL.jpg,https://m.media-amazon.com/images/I/71g-fQTeN+L.jpg,,,,
Tungsten-steel,https://m.media-amazon.com/images/I/41AXoH8UbGL.jpg,https://m.media-amazon.com/images/I/61HRArA7wcL.jpg,https://m.media-amazon.com/images/I/51X4q11AEHL.jpg,https://m.media-amazon.com/images/I/611cfeDoiJL.jpg,,,,,,
Tungsten-steel-3,https://m.media-amazon.com/images/I/41AXoH8UbGL.jpg,,,,,,,,,
Tungsten-steel-4,https://m.media-amazon.com/images/I/41AXoH8UbGL.jpg,,,,,,,,,
Tungsten-steel-5,https://m.media-amazon.com/images/I/41AXoH8UbGL.jpg,,,,,,,,,
Tungsten-steel-6,https://m.media-amazon.com/images/I/41AXoH8UbGL.jpg,,,,,,,,,
UC-C0X7-VOS2,https://m.media-amazon.com/images/I/71bYh656pJL.jpg,https://m.media-amazon.com/images/I/71UxP86VMFL.jpg,https://m.media-amazon.com/images/I/619sLxFo9TL.jpg,https://m.media-amazon.com/images/I/71gacX1iBYL.jpg,https://m.media-amazon.com/images/I/71LuuffstvL.jpg,https://m.media-amazon.com/images/I/61BWBfWYu9L.jpg,https://m.media-amazon.com/images/I/718xjXmJf1L.jpg,,,
X4-ESLG-7046,https://m.media-amazon.com/images/I/61HivjvSDFL.jpg,https://m.media-amazon.com/images/I/61Mo5Eqb5BL.jpg,https://m.media-amazon.com/images/I/71xZ98Vk8-L.jpg,https://m.media-amazon.com/images/I/71g-fQTeN+L.jpg,,,,,,
XC-QIHS-32AO,https://m.media-amazon.com/images/I/71o0dLTUfSL.jpg,https://m.media-amazon.com/images/I/61jehM-2aeL.jpg,https://m.media-amazon.com/images/I/71Z1JpTYGFL.jpg,,,,,,,
XD-HQ6O-TM2N,https://m.media-amazon.com/images/I/71EWMzHu5sL.jpg,https://m.media-amazon.com/images/I/610IFF6S7fL.jpg,https://m.media-amazon.com/images/I/61RpI7IEqeL.jpg,,,,,,,
Y4-SCDN-94DP,https://m.media-amazon.com/images/I/81GTQtPAiNL.jpg,https://m.media-amazon.com/images/I/61laexceU4L.jpg,https://m.media-amazon.com/images/I/71QV9voZjiL.jpg,https://m.media-amazon.com/images/I/71MB5Yaqq8L.jpg,,,,,,
ZE-6PEZ-MJF7,https://m.media-amazon.com/images/I/71o0dLTUfSL.jpg,https://m.media-amazon.com/images/I/61jehM-2aeL.jpg,https://m.media-amazon.com/images/I/71Z1JpTYGFL.jpg,,,,,,,
ZL-PR5Z-BWPM,https://m.media-amazon.com/images/I/71o0dLTUfSL.jpg,https://m.media-amazon.com/images/I/61jehM-2aeL.jpg,https://m.media-amazon.com/images/I/71Z1JpTYGFL.jpg,,,,,,,
ZT-HUAI-SRHK,https://m.media-amazon.com/images/I/71iZ2swVy9L.jpg,,,,,,,,,
aluminum-mix-80-180,https://m.media-amazon.com/images/I/61fuGvOP6-L.jpg,https://m.media-amazon.com/images/I/71KfhnePOzL.jpg,https://m.media-amazon.com/images/I/61JtI+5IyjL.jpg,https://m.media-amazon.com/images/I/71+1ut2vMeL.jpg,https://m.media-amazon.com/images/I/619OUS9pX4L.jpg,https://m.media-amazon.com/images/I/61hMU7JUziL.jpg,https://m.media-amazon.com/images/I/61TCemIajHL.jpg,,,
double-8-180-320,https://m.media-amazon.com/images/I/61fuGvOP6-L.jpg,https://m.media-amazon.com/images/I/71+1ut2vMeL.jpg,https://m.media-amazon.com/images/I/71KfhnePOzL.jpg,https://m.media-amazon.com/images/I/61oSJortnUL.jpg,https://m.media-amazon.com/images/I/619OUS9pX4L.jpg,https://m.media-amazon.com/images/I/61o6Ip5Nh3L.jpg,,,,
mix-80-600,https://m.media-amazon.com/images/I/61fuGvOP6-L.jpg,https://m.media-amazon.com/images/I/61oSJortnUL.jpg,https://m.media-amazon.com/images/I/61tGZ3hcvYL.jpg,https://m.media-amazon.com/images/I/71+1ut2vMeL.jpg,https://m.media-amazon.com/images/I/71KfhnePOzL.jpg,https://m.media-amazon.com/images/I/619OUS9pX4L.jpg,https://m.media-amazon.com/images/I/61DCtkXOQtL.jpg,https://m.media-amazon.com/images/I/61hMU7JUziL.jpg,https://m.media-amazon.com/images/I/61EQav4rvHL.jpg,
steel-mix-180-320,https://m.media-amazon.com/images/I/61fuGvOP6-L.jpg,https://m.media-amazon.com/images/I/714H53S9oaL.jpg,https://m.media-amazon.com/images/I/717bM3IJe8L.jpg,https://m.media-amazon.com/images/I/71+1ut2vMeL.jpg,https://m.media-amazon.com/images/I/61oSJortnUL.jpg,https://m.media-amazon.com/images/I/619OUS9pX4L.jpg,,,,
29-3X9L-ANVS,https://m.media-amazon.com/images/I/717NRiSKsuL.jpg,https://m.media-amazon.com/images/I/61VrymnQ2IL.jpg,https://m.media-amazon.com/images/I/61mV3acwMNL.jpg,https://m.media-amazon.com/images/I/61bADrQtdjL.jpg,https://m.media-amazon.com/images/I/61G0hUZX4UL.jpg,https://m.media-amazon.com/images/I/71HIUIw0G+L.jpg,,,,
5pcs-34stainedglass-bit,https://m.media-amazon.com/images/I/61u3J+5RmhL.jpg,https://m.media-amazon.com/images/I/71gbfLhbpVL.jpg,https://m.media-amazon.com/images/I/71WG3mh57eL.jpg,,,,,,,
DMSPHD-CFTAPE-001,https://m.media-amazon.com/images/I/61jh+j1wVsL.jpg,https://m.media-amazon.com/images/I/61WOF55LEKL.jpg,https://m.media-amazon.com/images/I/71kTIZzZooL.jpg,https://m.media-amazon.com/images/I/71xzMsvESyL.jpg,https://m.media-amazon.com/images/I/81Wd9-BK32L.jpg,https://m.media-amazon.com/images/I/71i5l6GeM+L.jpg,https://m.media-amazon.com/images/I/71BxTlT4ZZL.jpg,https://m.media-amazon.com/images/I/71lfWm5gndL.jpg,https://m.media-amazon.com/images/I/71QDH+Fu49L.jpg,
CBN-2PCS-INSERT-1203,https://m.media-amazon.com/images/I/41Tghz8ZaJL.jpg,https://m.media-amazon.com/images/I/518vgpC1JHL.jpg,https://m.media-amazon.com/images/I/61J5cWAuM4L.jpg,https://m.media-amazon.com/images/I/611oxplcJtL.jpg,,,,,,
CBN-2PCS-INSERT-1204,https://m.media-amazon.com/images/I/41RcYtViDIL.jpg,https://m.media-amazon.com/images/I/51og+xPqOTL.jpg,https://m.media-amazon.com/images/I/61J5cWAuM4L.jpg,https://m.media-amazon.com/images/I/611oxplcJtL.jpg,,,,,,
PCBN-2PCS-INSERT-1203,https://m.media-amazon.com/images/I/41kwuM+AKaL.jpg,https://m.media-amazon.com/images/I/51YcOhCYkVL.jpg,https://m.media-amazon.com/images/I/61J5cWAuM4L.jpg,https://m.media-amazon.com/images/I/611oxplcJtL.jpg,,,,,,
PCBN-2PCS-INSERT-1204,https://m.media-amazon.com/images/I/41kwuM+AKaL.jpg,https://m.media-amazon.com/images/I/51vL+h22reL.jpg,https://m.media-amazon.com/images/I/61J5cWAuM4L.jpg,https://m.media-amazon.com/images/I/611oxplcJtL.jpg,,,,,,
ZU-XFT8-CNRR,https://m.media-amazon.com/images/I/51MS1AsxXJL.jpg,https://m.media-amazon.com/images/I/61i8Y9tFtfL.jpg,https://m.media-amazon.com/images/I/611b1OJw8UL.jpg,https://m.media-amazon.com/images/I/7120sldnkQL.jpg,https://m.media-amazon.com/images/I/61YWhOm465L.jpg,,,,,
1pcs58,https://m.media-amazon.com/images/I/51txMn2HvcL.jpg,https://m.media-amazon.com/images/I/51EfMeEamfL.jpg,https://m.media-amazon.com/images/I/71GBDkqyJ0L.jpg,https://m.media-amazon.com/images/I/61Rlni4rl3L.jpg,https://m.media-amazon.com/images/I/71l1-gLu1VL.jpg,,,,,
DM-ST-GLASS-4,https://m.media-amazon.com/images/I/61RcKhCCnoL.jpg,https://m.media-amazon.com/images/I/61t0WFsJvUL.jpg,https://m.media-amazon.com/images/I/71VEJqtmFJL.jpg,https://m.media-amazon.com/images/I/61pa0OuVuSL.jpg,https://m.media-amazon.com/images/I/71WG3mh57eL.jpg,https://m.media-amazon.com/images/I/71T8-S-cH5L.jpg,,,,
DM2MCBL58,https://m.media-amazon.com/images/I/51BxW2CWUDL.jpg,https://m.media-amazon.com/images/I/518Z9z1GINL.jpg,https://m.media-amazon.com/images/I/71KL1meaCUL.jpg,https://m.media-amazon.com/images/I/61sSFRQ8U4L.jpg,https://m.media-amazon.com/images/I/71+J9Jkae7L.jpg,,,,,
H5-I5OP-KGFH,https://m.media-amazon.com/images/I/51txMn2HvcL.jpg,https://m.media-amazon.com/images/I/51EfMeEamfL.jpg,https://m.media-amazon.com/images/I/71GBDkqyJ0L.jpg,https://m.media-amazon.com/images/I/71l1-gLu1VL.jpg,,,,,,
UK-55JV-S77F,https://m.media-amazon.com/images/I/61sGbjz1bHL.jpg,https://m.media-amazon.com/images/I/71pkBf9KulL.jpg,https://m.media-amazon.com/images/I/712XhgLodCL.jpg,https://m.media-amazon.com/images/I/71bQSLtLsSL.jpg,https://m.media-amazon.com/images/I/71CSxgqN9vL.jpg,,,,,
ZF-2pcs85stainedglass,https://m.media-amazon.com/images/I/51BxW2CWUDL.jpg,https://m.media-amazon.com/images/I/518Z9z1GINL.jpg,https://m.media-amazon.com/images/I/71KL1meaCUL.jpg,https://m.media-amazon.com/images/I/61sSFRQ8U4L.jpg,https://m.media-amazon.com/images/I/71+J9Jkae7L.jpg,,,,,
mcb-1-14-34,https://m.media-amazon.com/images/I/61-hJXaHIyL.jpg,https://m.media-amazon.com/images/I/61rrKIyVYNL.jpg,https://m.media-amazon.com/images/I/71pkBf9KulL.jpg,https://m.media-amazon.com/images/I/71bQSLtLsSL.jpg,https://m.media-amazon.com/images/I/712XhgLodCL.jpg,https://m.media-amazon.com/images/I/71CSxgqN9vL.jpg,,,,
mcb-1-14-34-18,https://m.media-amazon.com/images/I/61RcKhCCnoL.jpg,https://m.media-amazon.com/images/I/61t0WFsJvUL.jpg,https://m.media-amazon.com/images/I/71VEJqtmFJL.jpg,https://m.media-amazon.com/images/I/61pa0OuVuSL.jpg,https://m.media-amazon.com/images/I/71WG3mh57eL.jpg,https://m.media-amazon.com/images/I/71T8-S-cH5L.jpg,,,,
mcb-34,https://m.media-amazon.com/images/I/612EX9Wo5EL.jpg,https://m.media-amazon.com/images/I/71NMBNhmciL.jpg,https://m.media-amazon.com/images/I/51Lsj1aDZ0L.jpg,https://m.media-amazon.com/images/I/71pkBf9KulL.jpg,https://m.media-amazon.com/images/I/712XhgLodCL.jpg,https://m.media-amazon.com/images/I/71CSxgqN9vL.jpg,,,,
mcb-34-2,https://m.media-amazon.com/images/I/61sGbjz1bHL.jpg,https://m.media-amazon.com/images/I/71pkBf9KulL.jpg,https://m.media-amazon.com/images/I/712XhgLodCL.jpg,https://m.media-amazon.com/images/I/71bQSLtLsSL.jpg,https://m.media-amazon.com/images/I/71CSxgqN9vL.jpg,,,,,
CBN-CARD-350-600,https://m.media-amazon.com/images/I/61SjXfW2BVL.jpg,,,,,,,,,
QZ-G48Z-NRX0,https://m.media-amazon.com/images/I/51-hqfxFCsL.jpg,https://m.media-amazon.com/images/I/51XAMZOuIqL.jpg,https://m.media-amazon.com/images/I/61-UXwdllHL.jpg,https://m.media-amazon.com/images/I/71tateuYmIL.jpg,,,,,,
SH-DCBD-2W3T,https://m.media-amazon.com/images/I/61Un5qhBd3L.jpg,https://m.media-amazon.com/images/I/615VdwGsPsL.jpg,https://m.media-amazon.com/images/I/71GsEtSB8CL.jpg,https://m.media-amazon.com/images/I/61uHsq85a8L.jpg,https://m.media-amazon.com/images/I/71U5mBwPFrL.jpg,,,,,
Stained-Glass-Grinder-Bits,https://m.media-amazon.com/images/I/51jyvySKf7L.jpg,https://m.media-amazon.com/images/I/51MS1AsxXJL.jpg,https://m.media-amazon.com/images/I/51BxW2CWUDL.jpg,https://m.media-amazon.com/images/I/61i8Y9tFtfL.jpg,https://m.media-amazon.com/images/I/518Z9z1GINL.jpg,https://m.media-amazon.com/images/I/71KL1meaCUL.jpg,https://m.media-amazon.com/images/I/7120sldnkQL.jpg,https://m.media-amazon.com/images/I/61sSFRQ8U4L.jpg,https://m.media-amazon.com/images/I/61YWhOm465L.jpg,
1O-WDLP-TDAE,https://m.media-amazon.com/images/I/51HXrLv0DDL.jpg,https://m.media-amazon.com/images/I/5108Ekgc2rL.jpg,https://m.media-amazon.com/images/I/51EgJ40SHrL.jpg,https://m.media-amazon.com/images/I/61iZPUz1niL.jpg,,,,,,
3J-7F5B-6U6K,https://m.media-amazon.com/images/I/31fG9K3vX-L.jpg,https://m.media-amazon.com/images/I/41wDhZ9SZML.jpg,https://m.media-amazon.com/images/I/618-MzUNx0L.jpg,https://m.media-amazon.com/images/I/61e0JTYqpbL.jpg,,,,,,
6M-5N8I-LUFE,https://m.media-amazon.com/images/I/51HXrLv0DDL.jpg,https://m.media-amazon.com/images/I/5108Ekgc2rL.jpg,https://m.media-amazon.com/images/I/51EgJ40SHrL.jpg,https://m.media-amazon.com/images/I/61iZPUz1niL.jpg,,,,,,
8C-OPJ3-OM6Z,https://m.media-amazon.com/images/I/51HXrLv0DDL.jpg,https://m.media-amazon.com/images/I/5108Ekgc2rL.jpg,https://m.media-amazon.com/images/I/51EgJ40SHrL.jpg,https://m.media-amazon.com/images/I/61iZPUz1niL.jpg,,,,,,
9P-1OAZ-DGXZ,https://m.media-amazon.com/images/I/31fG9K3vX-L.jpg,https://m.media-amazon.com/images/I/41wDhZ9SZML.jpg,https://m.media-amazon.com/images/I/618-MzUNx0L.jpg,https://m.media-amazon.com/images/I/61e0JTYqpbL.jpg,,,,,,
FZ-P3LJ-S3R8,https://m.media-amazon.com/images/I/31k9YcMijDL.jpg,https://m.media-amazon.com/images/I/618-MzUNx0L.jpg,https://m.media-amazon.com/images/I/61e0JTYqpbL.jpg,,,,,,,
KS-ZJZ8-0JMJ,https://m.media-amazon.com/images/I/51HXrLv0DDL.jpg,https://m.media-amazon.com/images/I/5108Ekgc2rL.jpg,https://m.media-amazon.com/images/I/51EgJ40SHrL.jpg,https://m.media-amazon.com/images/I/61iZPUz1niL.jpg,,,,,,
MV-V0U8-YF4H,https://m.media-amazon.com/images/I/31fG9K3vX-L.jpg,https://m.media-amazon.com/images/I/41wDhZ9SZML.jpg,https://m.media-amazon.com/images/I/618-MzUNx0L.jpg,https://m.media-amazon.com/images/I/61e0JTYqpbL.jpg,,,,,,
P4-THQL-9OFK,https://m.media-amazon.com/images/I/31k9YcMijDL.jpg,https://m.media-amazon.com/images/I/618-MzUNx0L.jpg,https://m.media-amazon.com/images/I/61e0JTYqpbL.jpg,,,,,,,
S3-36N2-HY8L,https://m.media-amazon.com/images/I/31k9YcMijDL.jpg,https://m.media-amazon.com/images/I/618-MzUNx0L.jpg,https://m.media-amazon.com/images/I/61e0JTYqpbL.jpg,,,,,,,
S3-PQX3-AYTD,https://m.media-amazon.com/images/I/31fG9K3vX-L.jpg,https://m.media-amazon.com/images/I/41wDhZ9SZML.jpg,https://m.media-amazon.com/images/I/618-MzUNx0L.jpg,https://m.media-amazon.com/images/I/61e0JTYqpbL.jpg,,,,,,
X6-ICUZ-6FXV,https://m.media-amazon.com/images/I/31k9YcMijDL.jpg,https://m.media-amazon.com/images/I/618-MzUNx0L.jpg,https://m.media-amazon.com/images/I/61e0JTYqpbL.jpg,,,,,,,
0R-08BK-T291,https://m.media-amazon.com/images/I/61uBPpMhkUL.jpg,https://m.media-amazon.com/images/I/51bgB9EMFyL.jpg,https://m.media-amazon.com/images/I/516Q+tmtt9L.jpg,https://m.media-amazon.com/images/I/71ymkL5e0kL.jpg,https://m.media-amazon.com/images/I/71BCDnToCDL.jpg,,,,,
10-MCVT-F2DP,https://m.media-amazon.com/images/I/61uBPpMhkUL.jpg,https://m.media-amazon.com/images/I/51bgB9EMFyL.jpg,https://m.media-amazon.com/images/I/516Q+tmtt9L.jpg,,,,,,,
10pcs3718,https://m.media-amazon.com/images/I/61uBPpMhkUL.jpg,https://m.media-amazon.com/images/I/51bgB9EMFyL.jpg,https://m.media-amazon.com/images/I/516Q+tmtt9L.jpg,https://m.media-amazon.com/images/I/71ymkL5e0kL.jpg,https://m.media-amazon.com/images/I/71BCDnToCDL.jpg,,,,,
5PCSMD3718,https://m.media-amazon.com/images/I/61uBPpMhkUL.jpg,https://m.media-amazon.com/images/I/51bgB9EMFyL.jpg,https://m.media-amazon.com/images/I/516Q+tmtt9L.jpg,https://m.media-amazon.com/images/I/71ymkL5e0kL.jpg,https://m.media-amazon.com/images/I/71BCDnToCDL.jpg,,,,,
7D-WVZY-7OBG,https://m.media-amazon.com/images/I/616nEublKzL.jpg,https://m.media-amazon.com/images/I/51jJitheuuL.jpg,https://m.media-amazon.com/images/I/51q6AbwfroL.jpg,https://m.media-amazon.com/images/I/71Hn6Y0wxyL.jpg,https://m.media-amazon.com/images/I/710YGCYzMOL.jpg,,,,,
DIA-RING-SAW-3PCS,https://m.media-amazon.com/images/I/41jXiKcJtuL.jpg,https://m.media-amazon.com/images/I/61IVp+f0alL.jpg,https://m.media-amazon.com/images/I/71v6Jm0P6WL.jpg,https://m.media-amazon.com/images/I/61oL84+dM8L.jpg,https://m.media-amazon.com/images/I/61MZn2WbzhL.jpg,,,,,
EB-BLNO-JZXR,https://m.media-amazon.com/images/I/61uBPpMhkUL.jpg,https://m.media-amazon.com/images/I/51bgB9EMFyL.jpg,https://m.media-amazon.com/images/I/516Q+tmtt9L.jpg,https://m.media-amazon.com/images/I/71ymkL5e0kL.jpg,https://m.media-amazon.com/images/I/71BCDnToCDL.jpg,,,,,
F7-TNXI-JB91,https://m.media-amazon.com/images/I/61uBPpMhkUL.jpg,https://m.media-amazon.com/images/I/51bgB9EMFyL.jpg,https://m.media-amazon.com/images/I/516Q+tmtt9L.jpg,https://m.media-amazon.com/images/I/71ymkL5e0kL.jpg,https://m.media-amazon.com/images/I/71BCDnToCDL.jpg,,,,,
L9-8RBT-0K3Y,https://m.media-amazon.com/images/I/61uBPpMhkUL.jpg,https://m.media-amazon.com/images/I/51bgB9EMFyL.jpg,https://m.media-amazon.com/images/I/516Q+tmtt9L.jpg,,,,,,,
MD3718,https://m.media-amazon.com/images/I/61p6QmRMm9L.jpg,https://m.media-amazon.com/images/I/51WCSNVxLJL.jpg,https://m.media-amazon.com/images/I/51cdIRzWwFL.jpg,https://m.media-amazon.com/images/I/71yha9i3Y8L.jpg,https://m.media-amazon.com/images/I/71EvO-7MwpL.jpg,,,,,
PB-L327-LMIH,https://m.media-amazon.com/images/I/61uBPpMhkUL.jpg,https://m.media-amazon.com/images/I/51bgB9EMFyL.jpg,https://m.media-amazon.com/images/I/516Q+tmtt9L.jpg,https://m.media-amazon.com/images/I/71BCDnToCDL.jpg,,,,,,
RA-3XC5-VWGR,https://m.media-amazon.com/images/I/51bgB9EMFyL.jpg,https://m.media-amazon.com/images/I/516Q+tmtt9L.jpg,,,,,,,,
SI-JJNH-PG4W,https://m.media-amazon.com/images/I/61uBPpMhkUL.jpg,https://m.media-amazon.com/images/I/51bgB9EMFyL.jpg,https://m.media-amazon.com/images/I/516Q+tmtt9L.jpg,https://m.media-amazon.com/images/I/71ymkL5e0kL.jpg,https://m.media-amazon.com/images/I/71BCDnToCDL.jpg,,,,,
ZE-SN1T-MLIR,https://m.media-amazon.com/images/I/61uBPpMhkUL.jpg,https://m.media-amazon.com/images/I/51bgB9EMFyL.jpg,https://m.media-amazon.com/images/I/516Q+tmtt9L.jpg,,,,,,,
dm-cutting-4,https://m.media-amazon.com/images/I/71L4oF+Wg4L.jpg,https://m.media-amazon.com/images/I/71RtLkWnx1L.jpg,https://m.media-amazon.com/images/I/71ytu2SUseL.jpg,,,,,,,
dm-cutting-45,https://m.media-amazon.com/images/I/71oMPwULk5L.jpg,https://m.media-amazon.com/images/I/71ne1SK6d3L.jpg,https://m.media-amazon.com/images/I/71aDE6vNjeL.jpg,https://m.media-amazon.com/images/I/71aDE6vNjeL.jpg,,,,,,
